Area(sqft),Rooms,Bathrooms,Floors,Location,YearBuilt,Parking,Condition,Price
2380,4,3,2,Urban,1974,3,Fair,583500.0
1790,2,1,1,Rural,2009,1,Excellent,367500.0
2540,3,1,1,Suburban,1982,0,Excellent,682500.0
3770,6,4,2,Urban,1996,1,Good,1095500.0
1710,3,2,2,Suburban,1962,1,Good,356500.0
1710,2,2,2,Urban,1975,1,Excellent,740500.0
3870,6,5,1,Urban,1970,2,Fair,891500.0
2680,4,4,2,Urban,1983,0,Excellent,1225000.0
1540,2,2,2,Suburban,1971,1,Good,359000.0
2430,4,3,3,Suburban,2010,2,Good,646500.0
1540,1,1,1,Urban,1963,1,Good,377500.0
1540,3,2,1,Urban,2006,0,Good,494500.0
2120,3,2,1,Suburban,1975,3,Good,454000.0
800,1,1,1,Rural,2022,1,Good,179000.0
870,1,1,1,Rural,2022,2,Good,197000.0
1480,2,2,1,Rural,1982,1,Fair,210500.0
1200,2,2,3,Suburban,2006,1,Good,341500.0
2190,3,2,1,Rural,1963,1,Good,311000.0
1260,2,2,2,Suburban,2022,1,Good,348500.0
1010,3,2,1,Urban,2001,0,Fair,322500.0
3680,6,5,2,Suburban,1965,1,Fair,550500.0
1720,2,1,2,Urban,1990,2,Good,561000.0
1960,2,1,1,Urban,1968,2,Good,518000.0
1000,3,3,1,Suburban,1993,1,Fair,270000.0
1490,2,1,1,Urban,2009,2,Excellent,613500.0
2000,4,4,1,Urban,1998,2,Good,716000.0
1130,2,1,2,Suburban,1993,2,Good,286500.0
2250,3,2,2,Suburban,1973,1,Fair,403500.0
1450,2,1,1,Suburban,1983,2,Good,307500.0
1670,3,1,1,Downtown,1971,1,Good,632500.0
1450,2,2,1,Urban,2016,1,Excellent,591000.0
4370,5,4,2,Rural,1974,1,Good,582500.0
1890,3,2,2,Urban,2005,2,Good,663000.0
1180,2,1,1,Suburban,1990,3,Excellent,413500.0
2750,4,4,2,Suburban,1982,3,Fair,555500.0
1100,3,2,1,Urban,2007,0,Fair,313000.0
2090,3,2,1,Suburban,1997,3,Good,517000.0
790,1,1,2,Urban,1994,0,Fair,204000.0
1050,1,1,1,Urban,2005,1,Fair,325000.0
2080,3,3,3,Urban,1999,1,Good,691000.0
2650,5,4,2,Rural,1987,1,Good,419000.0
2050,2,1,1,Urban,2003,2,Good,593000.0
1800,2,1,1,Downtown,2009,1,Excellent,933500.0
1660,3,2,2,Rural,1963,3,Good,268000.0
980,1,1,2,Suburban,1998,1,Fair,242500.0
1370,2,2,2,Suburban,1966,1,Fair,236500.0
1540,3,3,1,Urban,1978,3,Fair,436500.0
3060,5,4,3,Urban,2003,0,Fair,778500.0
2220,3,3,1,Rural,2019,2,Fair,352500.0
860,1,1,2,Downtown,2019,2,Good,496000.0
2200,3,2,2,Suburban,1968,1,Good,416000.0
1600,1,1,1,Urban,1995,2,Good,510000.0
1400,2,2,2,Suburban,2004,1,Excellent,456500.0
2500,4,3,2,Suburban,1975,2,Good,544500.0
3020,5,5,3,Rural,2014,1,Good,617500.0
2890,4,2,2,Rural,2013,1,Fair,382000.0
1300,2,1,3,Urban,2020,0,Good,479000.0
1650,2,1,1,Suburban,1961,1,Good,340500.0
2210,2,2,2,Rural,1981,2,Fair,289500.0
2950,6,5,2,Rural,2017,3,Excellent,837500.0
1530,2,1,1,Rural,2009,2,Good,251500.0
1750,2,1,1,Urban,2020,1,Fair,490500.0
1160,2,2,2,Urban,1966,3,Excellent,579000.0
1110,2,1,1,Rural,2005,1,Excellent,227500.0
2740,4,3,2,Suburban,2004,1,Good,609500.0
3500,5,4,2,Rural,1964,2,Good,451500.0
1840,2,1,3,Downtown,2001,1,Good,852000.0
2990,5,4,1,Downtown,2006,2,Good,1294000.0
2240,3,2,1,Urban,1979,1,Fair,523500.0
1420,2,2,1,Downtown,1985,1,Good,554500.0
2240,3,2,1,Urban,2007,2,Excellent,932000.0
3800,5,5,3,Urban,1998,2,Good,1131500.0
1870,4,3,1,Suburban,2018,2,Excellent,616500.0
3840,6,5,2,Suburban,1990,1,Excellent,1194500.0
650,1,1,2,Suburban,1985,2,Good,163500.0
2750,4,4,3,Suburban,2024,1,Good,751500.0
1980,4,3,1,Urban,2021,1,Good,763000.0
1660,3,2,2,Rural,1963,2,Good,265500.0
1980,3,3,1,Suburban,2014,3,Good,546500.0
780,1,1,2,Suburban,1972,2,Good,197500.0
1720,3,3,1,Suburban,1963,1,Good,368500.0
2230,3,2,1,Suburban,1985,2,Excellent,745500.0
3700,6,5,2,Downtown,1985,3,Good,1407500.0
1510,1,1,2,Urban,2016,1,Fair,428500.0
1320,2,2,1,Urban,2011,1,Fair,395000.0
1520,3,2,2,Suburban,2024,2,Good,453500.0
2870,4,3,3,Suburban,2011,1,Excellent,915500.0
2200,3,2,2,Suburban,1995,3,Excellent,716500.0
1500,2,1,2,Downtown,2011,1,Good,672000.0
2390,4,4,1,Suburban,2024,2,Good,687500.0
1990,4,4,1,Rural,2011,2,Good,372500.0
2940,5,5,2,Urban,2014,1,Fair,802000.0
1390,2,2,1,Rural,2022,2,Good,279500.0
1640,3,3,1,Suburban,1972,1,Good,368500.0
1590,2,2,2,Rural,2011,1,Good,281000.0
980,2,1,2,Rural,2018,0,Excellent,240000.0
2170,3,1,1,Rural,2023,1,Good,345000.0
2140,3,2,2,Rural,1980,2,Good,329500.0
1910,3,2,1,Urban,2000,3,Fair,500000.0
1710,3,2,1,Urban,2010,1,Excellent,696500.0
1010,3,3,2,Suburban,1983,1,Good,249000.0
1570,1,1,1,Downtown,2005,1,Excellent,804500.0
1630,3,3,1,Suburban,1984,2,Good,409000.0
1320,2,1,2,Suburban,1989,3,Good,319000.0
1770,3,3,2,Rural,1996,2,Good,318000.0
2280,3,1,2,Urban,2001,2,Fair,589000.0
4440,6,5,1,Suburban,1997,1,Good,900500.0
2060,3,3,2,Urban,1999,0,Excellent,879500.0
2130,2,1,1,Urban,1987,2,Fair,531500.0
1840,3,3,1,Suburban,1976,2,Fair,398000.0
800,2,1,2,Urban,1965,2,Good,256500.0
1880,2,1,1,Downtown,1979,2,Good,689500.0
1950,3,2,2,Suburban,2004,2,Good,485500.0
5200,6,4,3,Suburban,2015,2,Good,1206500.0
1740,3,1,1,Urban,1977,3,Good,517500.0
2180,3,3,2,Urban,1972,3,Excellent,1061000.0
1870,2,1,1,Rural,2013,2,Good,293500.0
1120,1,1,1,Suburban,1987,0,Excellent,344000.0
3180,4,3,2,Suburban,2022,1,Good,852000.0
2670,3,3,2,Suburban,2011,2,Excellent,883500.0
2710,4,3,3,Rural,1989,0,Fair,328000.0
1260,3,1,1,Downtown,1986,0,Good,477000.0
3570,5,3,2,Urban,2001,0,Fair,951000.0
1010,2,1,2,Suburban,1969,2,Good,280000.0
2480,3,3,2,Urban,1972,1,Excellent,1021000.0
5090,6,5,2,Downtown,1978,1,Good,1707500.0
1220,2,1,1,Rural,2014,0,Excellent,232000.0
1470,2,1,2,Suburban,2001,2,Good,391500.0
1990,3,2,2,Suburban,1961,1,Good,408500.0
1520,2,2,1,Urban,2009,1,Excellent,605000.0
950,1,1,1,Rural,1995,2,Good,172000.0
1960,3,2,3,Downtown,2000,1,Good,857000.0
1180,2,1,2,Suburban,1981,1,Good,272500.0
2350,4,3,2,Suburban,2003,2,Excellent,684000.0
1260,2,2,2,Suburban,2024,1,Good,356000.0
3820,6,5,2,Rural,1968,2,Good,509000.0
1340,3,3,2,Urban,1986,1,Fair,410000.0
1640,3,1,1,Downtown,1983,1,Good,613500.0
2740,4,3,1,Suburban,1983,2,Excellent,857500.0
1090,2,1,2,Downtown,1992,2,Excellent,729500.0
2110,4,3,1,Urban,2016,1,Fair,624000.0
3420,6,5,2,Suburban,2021,0,Good,879500.0
920,1,1,1,Urban,1980,2,Good,301000.0
2070,3,2,1,Suburban,2002,2,Fair,414000.0
2140,3,3,1,Suburban,2007,1,Good,575500.0
2700,4,4,2,Rural,2001,2,Fair,427000.0
1090,1,1,1,Urban,1996,1,Good,337000.0
1050,3,2,1,Rural,1979,1,Good,214000.0
2400,4,4,3,Urban,1999,0,Good,845000.0
2170,3,2,1,Urban,1994,1,Good,609000.0
2130,4,3,1,Suburban,2015,0,Excellent,718500.0
2220,3,2,2,Suburban,2014,1,Fair,466500.0
1400,2,1,2,Suburban,1974,1,Good,296500.0
2110,3,2,1,Suburban,1970,1,Good,446500.0
2170,2,2,2,Suburban,2020,0,Good,523000.0
1380,2,1,2,Suburban,2002,1,Fair,291000.0
4400,5,4,2,Suburban,2018,2,Fair,835500.0
2350,4,4,1,Rural,1966,1,Good,346500.0
1110,2,1,2,Rural,2001,2,Good,189000.0
2550,3,2,3,Rural,2002,1,Excellent,523000.0
1230,1,1,2,Urban,2018,1,Good,407500.0
2710,3,3,2,Downtown,1970,1,Excellent,1524500.0
3200,5,4,2,Suburban,1983,3,Good,764000.0
1310,2,2,2,Suburban,1994,0,Good,350000.0
2930,5,5,2,Rural,2019,0,Good,587500.0
2290,3,1,1,Suburban,2022,2,Good,546000.0
2750,3,2,3,Rural,2024,3,Good,470500.0
4460,5,4,2,Urban,2023,3,Good,1502500.0
1700,2,2,2,Downtown,1960,1,Good,627000.0
1350,3,2,2,Suburban,1965,1,Good,308500.0
1270,2,1,1,Urban,1975,2,Fair,343500.0
1320,2,2,2,Rural,1990,1,Fair,195000.0
1840,2,1,1,Suburban,2017,2,Fair,368000.0
2220,3,3,2,Rural,2020,2,Fair,377000.0
2150,3,2,1,Suburban,1978,2,Good,433500.0
2760,4,3,2,Rural,2006,1,Fair,394500.0
1910,3,3,2,Suburban,2021,1,Good,546500.0
3660,5,5,1,Suburban,1998,2,Good,837500.0
1690,3,3,2,Suburban,1971,1,Fair,353500.0
5200,6,5,1,Urban,1997,1,Excellent,1821000.0
2520,4,3,2,Downtown,1992,0,Good,1073000.0
1290,3,2,1,Suburban,2004,1,Good,348000.0
1170,2,2,1,Suburban,1996,1,Excellent,408000.0
2360,4,4,1,Suburban,1962,2,Fair,408000.0
1720,3,2,2,Downtown,2024,1,Fair,615500.0
2620,4,3,2,Suburban,2002,1,Good,602000.0
2350,4,4,2,Suburban,1998,1,Good,632500.0
1840,3,3,3,Rural,2023,0,Good,384000.0
1300,2,1,1,Suburban,1976,3,Fair,261000.0
960,1,1,2,Suburban,1979,2,Excellent,312500.0
1550,2,2,1,Downtown,2016,0,Good,720500.0
2790,4,3,1,Downtown,1984,2,Fair,898500.0
2090,4,3,1,Rural,2015,1,Good,377000.0
1090,2,1,3,Suburban,1985,3,Excellent,382500.0
2050,3,2,2,Suburban,1964,1,Fair,332000.0
2260,2,1,3,Suburban,2001,1,Good,460000.0
1280,2,2,2,Downtown,1979,1,Good,528000.0
2040,2,1,2,Suburban,2013,2,Good,485000.0
1950,3,3,2,Suburban,2008,1,Good,547500.0
1140,1,1,1,Suburban,2021,2,Excellent,389500.0
2230,3,2,1,Urban,2015,0,Good,758000.0
2450,4,3,2,Urban,1978,2,Fair,635500.0
3090,5,3,2,Suburban,2015,0,Excellent,939000.0
3050,6,5,2,Suburban,2008,2,Good,751000.0
1020,2,2,1,Suburban,2009,1,Good,294000.0
1250,2,2,1,Downtown,2017,1,Good,625000.0
2400,4,3,3,Suburban,2004,3,Good,664500.0
2400,3,2,2,Suburban,1998,3,Good,582000.0
2400,4,3,1,Suburban,2007,2,Excellent,778500.0
5200,5,4,1,Urban,1987,1,Good,1264000.0
2460,4,3,2,Suburban,1978,1,Good,528500.0
3170,5,4,2,Rural,2006,1,Good,566500.0
2920,4,4,2,Suburban,1982,1,Good,698500.0
2550,4,3,2,Urban,1969,1,Good,701500.0
1650,3,2,2,Urban,1960,0,Good,434000.0
2670,3,3,2,Downtown,2006,2,Fair,1031000.0
1340,2,1,2,Suburban,1991,2,Good,292000.0
1710,3,3,1,Rural,2013,0,Good,365500.0
1530,2,1,2,Downtown,1992,2,Good,617000.0
1970,3,3,1,Suburban,1999,1,Good,441500.0
5200,6,5,2,Urban,1994,2,Fair,1205000.0
820,1,1,1,Urban,2008,0,Good,303500.0
2590,4,3,2,Suburban,1991,2,Good,621000.0
920,1,1,1,Suburban,2023,1,Good,265000.0
1540,2,2,1,Urban,2022,1,Good,553000.0
3100,4,3,1,Urban,2018,2,Good,1027500.0
1960,4,2,2,Suburban,2021,2,Good,487500.0
1170,3,3,1,Suburban,1997,0,Good,287500.0
1380,2,2,1,Rural,2002,2,Fair,227500.0
2580,3,2,2,Rural,2013,3,Good,480500.0
1370,2,1,1,Suburban,2010,1,Fair,280500.0
2100,3,1,2,Suburban,2020,2,Fair,437500.0
1940,4,4,2,Downtown,2011,2,Good,1040500.0
1420,2,1,1,Urban,2024,2,Good,511500.0
4990,5,5,3,Urban,1990,1,Good,1351000.0
2530,5,5,2,Suburban,2017,1,Good,689000.0
760,1,1,1,Rural,2010,2,Good,199500.0
2070,3,2,1,Downtown,2010,1,Good,929000.0
1410,3,2,2,Suburban,1989,0,Good,319000.0
2790,3,3,3,Rural,2015,2,Good,484000.0
1330,2,1,1,Suburban,2020,1,Good,354000.0
1810,2,1,2,Downtown,1981,2,Good,672000.0
2390,4,2,1,Downtown,2007,2,Excellent,1409500.0
2810,4,4,2,Rural,1993,2,Fair,357000.0
1110,2,2,1,Downtown,2024,2,Excellent,777500.0
1640,4,3,1,Suburban,1999,0,Fair,360500.0
1530,2,1,2,Rural,1982,1,Good,231500.0
1420,2,2,1,Urban,1993,2,Good,471500.0
4210,6,4,3,Downtown,2008,1,Good,1877500.0
2280,4,4,1,Suburban,1968,3,Fair,453500.0
1080,2,1,1,Suburban,2006,2,Excellent,318500.0
2870,3,3,2,Urban,2021,0,Excellent,1066500.0
4940,6,5,2,Urban,2018,2,Good,1538500.0
3020,5,3,3,Downtown,1967,0,Good,1078500.0
960,1,1,1,Suburban,2024,1,Excellent,290500.0
1530,2,1,2,Downtown,2010,2,Excellent,848000.0
3360,5,4,3,Downtown,1976,2,Good,1239500.0
1380,1,1,1,Rural,1961,1,Good,186500.0
2320,4,3,2,Urban,1977,1,Good,704500.0
2690,4,4,2,Suburban,2017,1,Good,773000.0
1250,2,2,2,Suburban,1962,1,Good,295000.0
1850,2,2,1,Urban,1982,1,Good,522500.0
650,1,1,2,Rural,2013,1,Fair,132500.0
1200,2,2,2,Suburban,2005,2,Good,340000.0
1700,3,3,1,Downtown,2015,2,Good,781000.0
1080,1,1,2,Suburban,2013,1,Excellent,351500.0
3960,6,5,1,Suburban,1966,1,Excellent,1183000.0
1000,2,2,1,Downtown,2020,2,Good,541500.0
1560,2,2,1,Suburban,1982,2,Good,332000.0
2020,3,2,2,Suburban,2003,3,Fair,421500.0
3640,6,5,1,Suburban,2008,1,Good,819500.0
1000,2,2,1,Suburban,1977,1,Fair,225500.0
3210,4,4,3,Urban,2023,1,Good,1147000.0
1910,3,1,1,Urban,1999,2,Good,576000.0
1220,2,1,2,Suburban,1966,1,Good,245000.0
2340,4,3,2,Urban,2022,2,Fair,703000.0
2080,2,1,3,Suburban,2005,1,Excellent,578000.0
1450,1,1,1,Suburban,2011,1,Good,331000.0
1960,4,3,2,Urban,2001,2,Fair,527000.0
1600,2,1,1,Urban,2017,1,Fair,465000.0
2000,4,3,1,Suburban,1964,2,Good,421000.0
2560,4,4,3,Rural,1985,1,Fair,381000.0
3880,6,5,2,Rural,1998,1,Good,644500.0
1090,2,1,1,Suburban,1968,1,Good,231000.0
4960,6,5,1,Suburban,2011,1,Excellent,1247500.0
790,1,1,2,Urban,1993,0,Fair,185000.0
1780,3,2,2,Rural,1985,2,Good,289500.0
2480,3,1,2,Urban,1960,2,Good,630500.0
2160,3,3,2,Suburban,2012,1,Good,542500.0
1440,2,1,1,Suburban,2017,0,Good,334000.0
1730,3,2,3,Suburban,1993,3,Excellent,670000.0
1520,2,1,2,Suburban,2003,1,Good,320500.0
1460,2,1,1,Downtown,1982,1,Good,541500.0
2790,4,3,2,Rural,2007,1,Excellent,643500.0
2230,3,3,1,Suburban,1961,2,Fair,386000.0
1390,2,1,1,Urban,1999,1,Fair,348000.0
2850,5,5,1,Urban,2008,2,Good,1061000.0
2180,3,2,2,Suburban,2021,1,Good,553500.0
2740,3,1,3,Suburban,1993,0,Good,549000.0
2520,3,2,2,Urban,2014,1,Fair,694500.0
1310,2,1,1,Downtown,2005,2,Good,571500.0
1480,2,1,2,Downtown,2021,2,Good,670500.0
2660,4,3,2,Suburban,1994,0,Good,602000.0
2500,4,4,3,Downtown,1988,1,Good,997000.0
1880,3,2,1,Rural,2020,2,Good,352000.0
2000,3,1,3,Rural,1965,2,Excellent,390500.0
3380,5,3,2,Urban,1974,1,Good,952500.0
1460,2,2,1,Suburban,1969,2,Good,344500.0
2430,5,4,2,Rural,2017,1,Good,477500.0
1740,3,2,2,Suburban,1961,1,Good,363500.0
1720,3,3,2,Suburban,2018,0,Good,490500.0
3120,5,5,2,Urban,1997,2,Excellent,1446500.0
2760,3,3,2,Urban,1960,1,Good,705000.0
2740,4,2,2,Suburban,1994,2,Excellent,812000.0
3420,5,4,3,Suburban,1978,2,Excellent,1050500.0
1920,3,2,2,Downtown,2007,2,Fair,666500.0
2580,4,4,2,Urban,2010,1,Fair,737500.0
1650,3,2,1,Suburban,1999,1,Fair,287500.0
2200,3,3,2,Downtown,1964,3,Good,795000.0
1790,3,2,2,Urban,2008,2,Fair,493500.0
1990,3,2,3,Rural,2017,2,Excellent,489000.0
2480,3,3,2,Rural,2012,0,Fair,384500.0
1320,1,1,1,Rural,2017,1,Good,221000.0
4870,6,5,1,Urban,1980,2,Fair,1113000.0
1210,2,1,1,Suburban,2020,0,Excellent,379500.0
1100,2,1,3,Suburban,1989,1,Good,262500.0
3200,4,3,1,Rural,1961,1,Excellent,551500.0
2710,4,4,3,Downtown,2017,0,Excellent,1501500.0
2520,3,3,2,Suburban,2022,1,Good,657500.0
2520,5,3,1,Downtown,2008,1,Good,1044000.0
1890,3,3,1,Downtown,1982,0,Fair,640000.0
1270,2,1,2,Rural,1984,2,Good,215500.0
1970,2,1,2,Suburban,1998,1,Good,441500.0
1400,2,2,1,Rural,2020,1,Fair,240000.0
2950,5,5,3,Downtown,1975,2,Fair,1039500.0
1780,4,3,2,Suburban,2017,1,Good,492500.0
1310,3,1,1,Rural,1986,1,Good,201000.0
1640,3,1,1,Rural,2016,2,Good,269500.0
2290,5,4,2,Suburban,2021,2,Good,635500.0
1470,3,2,2,Downtown,1995,0,Excellent,912500.0
1310,2,2,1,Urban,1991,1,Good,381500.0
2120,3,1,2,Downtown,2016,2,Fair,828000.0
2120,3,1,1,Suburban,2001,1,Good,439000.0
1510,2,2,1,Rural,2010,2,Excellent,342500.0
1540,1,1,1,Downtown,2007,3,Fair,605500.0
2110,2,2,1,Rural,1976,3,Good,298500.0
990,3,3,2,Downtown,2018,1,Good,525500.0
1010,2,1,2,Suburban,1979,1,Fair,178500.0
1380,2,1,1,Rural,2022,3,Excellent,316000.0
1730,3,3,1,Urban,1983,1,Good,523000.0
2190,4,4,2,Downtown,2012,1,Good,1122000.0
3690,6,4,1,Downtown,1986,2,Good,1556500.0
2800,4,3,2,Rural,1988,1,Good,397500.0
1770,2,1,2,Suburban,1988,1,Fair,326500.0
1880,3,3,1,Suburban,2013,2,Good,534000.0
1210,1,1,2,Urban,2003,1,Fair,344000.0
1880,2,1,1,Urban,2019,0,Good,568500.0
1670,3,3,1,Suburban,1988,1,Good,408500.0
2200,3,3,1,Downtown,2010,2,Excellent,1190500.0
1310,2,2,1,Urban,2013,1,Good,458000.0
2400,4,4,2,Urban,1975,1,Good,676000.0
3790,6,5,2,Suburban,1994,2,Good,858000.0
1810,3,1,1,Suburban,1999,2,Good,369000.0
2280,3,2,1,Downtown,1991,1,Excellent,1250000.0
2590,4,3,3,Suburban,1989,2,Good,565500.0
1590,2,1,1,Downtown,2010,1,Excellent,845500.0
2100,3,2,2,Downtown,1981,2,Good,809500.0
1910,2,1,2,Urban,2011,1,Excellent,749000.0
1990,3,3,3,Suburban,2022,0,Good,581500.0
1340,2,1,2,Rural,2003,2,Good,266000.0
1920,3,2,2,Rural,2006,1,Good,291000.0
2380,4,4,1,Suburban,1968,1,Fair,419000.0
3650,6,5,2,Suburban,2018,1,Good,906000.0
2930,5,4,2,Suburban,1986,2,Excellent,970000.0
5010,6,4,2,Suburban,2006,1,Good,971500.0
1350,3,2,2,Suburban,2024,1,Good,366000.0
2810,4,3,3,Suburban,2005,0,Excellent,825000.0
2060,3,2,1,Rural,2012,1,Good,356000.0
5090,6,5,1,Rural,1997,1,Good,752000.0
1320,2,1,3,Urban,1967,1,Fair,318500.0
1300,2,1,1,Suburban,2015,0,Fair,266000.0
1450,2,1,2,Suburban,1964,1,Excellent,407000.0
730,2,1,2,Urban,2011,2,Excellent,360500.0
1500,3,2,1,Urban,1962,2,Good,443500.0
1350,2,1,2,Suburban,2018,2,Good,310500.0
2030,3,3,2,Urban,1976,0,Good,639500.0
2220,3,3,1,Downtown,2001,3,Excellent,1092000.0
4420,6,5,2,Urban,2005,1,Good,1245500.0
2920,5,4,2,Suburban,1997,3,Good,712500.0
1470,2,2,1,Urban,1990,1,Good,482000.0
1270,2,2,2,Rural,1998,1,Good,194000.0
2370,4,3,2,Suburban,1988,1,Good,545500.0
1050,2,2,3,Downtown,1996,1,Excellent,720000.0
4330,5,4,3,Suburban,1991,2,Good,952000.0
3230,5,5,3,Downtown,2004,2,Excellent,1694500.0
1540,2,1,2,Suburban,1983,3,Good,339500.0
880,1,1,2,Downtown,2024,2,Excellent,559000.0
3500,5,4,2,Suburban,2000,1,Good,784500.0
1810,4,3,1,Rural,1979,0,Good,282500.0
3320,4,3,3,Suburban,1998,3,Good,726500.0
930,1,1,1,Suburban,2019,1,Fair,217500.0
1450,2,2,1,Rural,1962,2,Excellent,326000.0
1910,3,3,1,Urban,2010,1,Good,679500.0
1940,3,2,2,Suburban,2003,1,Good,473000.0
1550,2,1,1,Urban,1977,3,Excellent,666500.0
2520,3,2,2,Suburban,2016,1,Excellent,778500.0
1180,2,2,2,Suburban,1992,1,Good,276500.0
1780,3,2,1,Downtown,1987,1,Excellent,956000.0
2010,2,1,2,Suburban,2017,2,Fair,401500.0
2400,4,3,1,Urban,2007,0,Fair,646000.0
2620,4,3,2,Urban,2020,0,Good,852500.0
1150,2,2,1,Suburban,2007,1,Good,330500.0
950,1,1,2,Downtown,2013,1,Good,500500.0
3380,4,3,2,Urban,2017,1,Good,1094500.0
2210,2,2,2,Suburban,1966,0,Good,434500.0
1360,2,2,1,Downtown,2014,3,Excellent,886000.0
3820,6,5,1,Suburban,2006,3,Good,824500.0
2000,3,2,1,Suburban,1968,1,Excellent,567000.0
3230,5,4,2,Downtown,2000,2,Good,1446000.0
1960,3,3,2,Urban,1969,2,Good,566500.0
4800,6,5,2,Urban,2012,1,Good,1348500.0
4190,6,5,2,Urban,2002,1,Good,1243000.0
1700,3,2,1,Urban,2022,1,Excellent,726500.0
2940,5,4,1,Downtown,1978,1,Fair,910500.0
2540,3,3,2,Suburban,2006,1,Good,692000.0
3520,5,4,3,Rural,1980,2,Excellent,737500.0
1230,2,1,1,Suburban,2006,1,Good,273500.0
2590,5,3,2,Urban,2012,2,Good,892500.0
3060,5,4,2,Suburban,2012,1,Fair,680500.0
860,1,1,1,Rural,2016,1,Excellent,208000.0
1120,2,1,1,Suburban,2018,1,Excellent,358000.0
760,1,1,1,Downtown,1968,1,Good,289000.0
1680,2,1,2,Urban,1990,2,Good,551000.0
2630,4,3,2,Suburban,2010,2,Excellent,829500.0
3740,5,4,3,Suburban,2000,1,Good,890500.0
1970,3,2,1,Suburban,1979,2,Excellent,608000.0
3960,6,5,1,Rural,2003,3,Good,695000.0
1020,3,3,1,Rural,1994,2,Excellent,326000.0
880,1,1,2,Downtown,1993,1,Good,382500.0
1850,3,3,2,Downtown,2016,2,Fair,818500.0
2260,4,2,3,Rural,1994,0,Good,402000.0
1870,4,4,1,Rural,1963,2,Good,307500.0
750,1,1,2,Suburban,1966,1,Excellent,252000.0
1830,3,2,1,Suburban,2018,1,Fair,382500.0
1060,2,1,1,Suburban,2023,0,Excellent,316000.0
2570,4,3,2,Suburban,2010,1,Good,649000.0
2240,4,4,1,Suburban,1991,2,Good,596500.0
1250,1,1,3,Urban,2022,0,Fair,370500.0
1510,3,3,1,Urban,2009,1,Good,540500.0
1180,2,1,2,Urban,2018,3,Good,462000.0
1850,4,3,2,Suburban,2014,1,Good,496000.0
2920,4,3,2,Downtown,1992,1,Fair,1013500.0
1220,2,2,2,Downtown,1999,2,Good,628000.0
2380,3,3,1,Rural,1978,1,Excellent,463500.0
1500,2,1,2,Suburban,1986,1,Good,340000.0
1330,1,1,1,Suburban,2014,0,Good,287500.0
1810,4,3,2,Rural,2020,2,Good,411000.0
1190,2,1,2,Suburban,2012,3,Excellent,378500.0
1480,3,2,3,Suburban,1998,0,Good,347000.0
1110,3,3,1,Suburban,1969,1,Fair,253500.0
4600,5,3,3,Suburban,1966,1,Good,830500.0
1930,3,2,1,Suburban,1992,2,Good,422000.0
1390,1,1,1,Downtown,1998,1,Fair,455500.0
2090,3,2,1,Suburban,2006,2,Excellent,608500.0
1810,3,3,2,Urban,1960,0,Good,467500.0
1720,3,1,1,Rural,2024,3,Good,287000.0
2510,4,4,2,Rural,1991,1,Good,451000.0
2670,3,2,2,Suburban,2018,2,Excellent,759000.0
1500,1,1,2,Rural,2002,1,Good,255500.0
1470,1,1,1,Rural,1974,2,Good,243000.0
1680,4,3,1,Rural,2015,1,Fair,286000.0
670,1,1,1,Suburban,2011,0,Good,183000.0
960,2,1,1,Urban,2001,1,Good,355000.0
3520,5,4,2,Suburban,2001,2,Good,766000.0
3980,6,5,2,Urban,1969,2,Fair,944500.0
1700,3,3,2,Suburban,2008,1,Good,491000.0
2460,4,4,3,Urban,2021,2,Good,964000.0
2190,3,1,2,Suburban,1970,1,Good,441000.0
5200,6,5,3,Urban,1984,2,Excellent,1951000.0
3150,4,3,2,Downtown,2020,2,Good,1388000.0
1790,3,2,2,Downtown,1986,2,Good,793000.0
1240,2,2,1,Rural,2008,1,Fair,227500.0
920,1,1,1,Downtown,2002,3,Good,492000.0
2080,2,2,1,Rural,2005,2,Excellent,436500.0
1350,2,1,1,Downtown,1995,2,Excellent,776500.0
1000,2,2,2,Suburban,1987,1,Good,272500.0
1420,1,1,1,Suburban,1965,2,Good,300500.0
1170,2,1,1,Rural,2013,2,Fair,200500.0
4060,6,4,3,Rural,2013,1,Excellent,812500.0
2830,3,3,3,Urban,2009,1,Good,946000.0
1890,2,2,2,Downtown,2008,1,Good,780500.0
3700,6,5,1,Urban,1983,2,Fair,944000.0
1970,3,2,1,Urban,1962,1,Excellent,704000.0
1290,2,1,1,Urban,2016,1,Good,450000.0
3770,6,5,3,Suburban,1999,2,Good,833500.0
2420,3,3,1,Rural,1988,1,Good,414500.0
1190,2,1,2,Rural,1971,0,Good,179500.0
1740,3,2,2,Suburban,1967,1,Good,350000.0
1280,1,1,1,Suburban,1990,2,Excellent,422000.0
1020,2,1,2,Rural,2016,2,Excellent,243500.0
2880,4,4,2,Rural,2021,1,Good,577500.0
4490,6,5,2,Rural,2020,3,Excellent,934000.0
1010,1,1,1,Downtown,2021,0,Good,415500.0
2450,4,3,2,Rural,2020,3,Good,456000.0
1420,2,1,1,Suburban,2001,1,Excellent,386500.0
1530,2,1,1,Suburban,1981,0,Good,332500.0
1460,1,1,2,Suburban,2015,1,Good,378000.0
1290,2,1,1,Rural,1981,1,Excellent,300500.0
1940,3,2,2,Suburban,1985,1,Fair,394500.0
1310,2,1,2,Rural,1982,2,Good,203500.0
2150,3,1,2,Suburban,2001,2,Excellent,575500.0
1860,3,3,1,Suburban,1989,1,Good,440500.0
1710,3,1,1,Suburban,1976,1,Fair,270500.0
1260,3,2,2,Urban,1997,1,Good,391000.0
1470,2,1,1,Suburban,2019,0,Fair,293000.0
2670,4,4,2,Suburban,2004,2,Good,640000.0
2380,4,3,1,Suburban,2019,0,Good,604000.0
1220,3,2,1,Urban,1979,2,Good,441000.0
1990,4,4,1,Suburban,1977,1,Good,465000.0
2670,4,2,2,Urban,2004,1,Good,847500.0
900,1,1,1,Urban,1998,1,Good,316000.0
2430,4,4,2,Suburban,2009,1,Excellent,797000.0
1410,2,1,2,Suburban,2015,1,Good,355000.0
2460,4,3,2,Suburban,2013,2,Excellent,759500.0
1350,2,1,3,Rural,2022,1,Good,252000.0
840,1,1,1,Rural,1994,1,Good,136000.0
910,1,1,2,Rural,1980,2,Good,182500.0
1940,4,4,2,Suburban,2003,1,Good,486000.0
2140,3,3,2,Suburban,1972,2,Good,502000.0
1270,2,2,1,Urban,1986,1,Good,378000.0
2530,4,3,3,Suburban,1980,1,Excellent,825000.0
900,1,1,1,Downtown,1994,2,Good,410500.0
1850,2,1,2,Downtown,1972,2,Excellent,912500.0
1100,1,1,1,Downtown,1963,0,Fair,331000.0
1420,3,3,2,Urban,2008,1,Good,556500.0
1940,2,1,1,Suburban,2006,2,Fair,362000.0
1290,2,1,2,Rural,2011,0,Good,233000.0
1600,2,1,1,Suburban,2009,1,Excellent,398000.0
2990,5,5,3,Suburban,1972,2,Fair,535500.0
1470,2,1,1,Urban,1986,2,Good,472000.0
2770,4,3,2,Downtown,1973,2,Fair,877000.0
1140,2,1,1,Suburban,2017,2,Good,265500.0
2410,4,3,3,Suburban,2013,2,Excellent,744500.0
3640,6,5,3,Suburban,1980,2,Good,759500.0
650,1,1,1,Rural,1990,2,Good,134000.0
1330,2,2,2,Suburban,2023,1,Good,373500.0
2460,3,2,2,Suburban,2005,1,Excellent,704500.0
1730,3,2,2,Urban,2016,2,Good,616500.0
2250,3,3,3,Suburban,1985,2,Good,572500.0
1450,1,1,1,Downtown,1980,1,Good,568000.0
1980,3,2,1,Urban,2015,1,Excellent,824500.0
1770,3,3,1,Urban,2010,3,Good,699500.0
3210,6,5,2,Rural,2010,2,Good,598000.0
2130,4,4,2,Downtown,2003,1,Good,912000.0
2210,3,2,2,Urban,2003,2,Good,761500.0
1580,1,1,2,Rural,2012,3,Good,289500.0
1530,2,1,1,Suburban,1985,2,Good,333000.0
1560,2,1,2,Downtown,1991,2,Good,632500.0
2270,3,2,2,Rural,2019,1,Good,387500.0
1570,1,1,2,Suburban,1988,2,Fair,309500.0
2170,3,3,2,Suburban,2002,1,Good,571000.0
4840,6,5,2,Urban,2011,2,Excellent,1855000.0
2810,4,3,3,Urban,2024,1,Excellent,1245500.0
1640,2,2,1,Suburban,1996,0,Good,393500.0
3260,5,4,2,Suburban,1995,1,Good,754500.0
1580,2,1,1,Downtown,2017,1,Excellent,847500.0
760,1,1,3,Urban,2016,2,Good,340500.0
1210,3,3,1,Downtown,2012,3,Good,653000.0
820,1,1,2,Suburban,1998,2,Excellent,318500.0
1620,2,2,1,Suburban,1989,2,Good,368500.0
1920,2,1,1,Suburban,2006,1,Good,413500.0
4040,6,5,3,Urban,2019,2,Fair,1110000.0
2200,3,2,2,Rural,2019,2,Fair,322500.0
1720,3,3,1,Suburban,1972,2,Fair,351000.0
2760,4,3,2,Rural,1995,1,Excellent,584000.0
700,1,1,1,Suburban,1998,2,Good,196500.0
2110,3,2,1,Urban,2024,2,Good,746000.0
2690,4,4,3,Rural,2009,1,Excellent,568500.0
980,1,1,1,Urban,1994,2,Good,324000.0
3180,5,5,2,Downtown,1963,3,Good,1214500.0
2210,4,3,2,Suburban,2003,1,Good,564500.0
1580,1,1,2,Urban,1970,2,Excellent,617500.0
2530,4,4,2,Downtown,2017,2,Fair,1059500.0
5200,6,5,2,Downtown,2013,2,Fair,1741000.0
2060,3,2,2,Suburban,1997,1,Fair,402000.0
2130,4,4,1,Rural,1996,2,Good,419000.0
1550,2,1,2,Rural,2020,1,Good,288500.0
1300,2,2,1,Urban,1986,0,Good,385000.0
2760,4,3,2,Urban,1983,2,Fair,673500.0
1290,1,1,2,Urban,2022,2,Good,455000.0
1960,3,3,2,Suburban,2016,2,Fair,447500.0
1530,2,1,2,Rural,2016,1,Fair,248500.0
2360,4,3,2,Suburban,1979,0,Good,530000.0
2210,4,2,1,Suburban,1975,3,Excellent,632000.0
3030,5,4,2,Urban,1963,1,Excellent,1122000.0
1510,2,1,1,Suburban,1982,2,Excellent,458500.0
1680,3,2,2,Suburban,2014,2,Good,425500.0
1220,1,1,2,Suburban,1983,2,Good,268000.0
1560,1,1,1,Suburban,2012,1,Good,393500.0
2250,3,2,2,Suburban,1984,2,Good,478000.0
2670,4,3,2,Rural,1993,2,Fair,394500.0
1260,2,1,1,Suburban,2024,1,Good,344500.0
2810,4,3,3,Rural,1983,1,Good,426000.0
3500,6,5,2,Suburban,1992,1,Good,768000.0
2290,4,3,2,Urban,1987,0,Good,677000.0
4420,6,5,3,Suburban,1972,2,Fair,689500.0
1340,1,1,1,Urban,1999,2,Good,437500.0
1090,1,1,1,Urban,1992,3,Fair,310500.0
850,1,1,1,Suburban,2010,2,Excellent,292500.0
3730,6,5,2,Downtown,2016,2,Fair,1493000.0
2550,4,3,2,Rural,2002,1,Good,459500.0
1850,2,2,2,Urban,1963,2,Excellent,749000.0
2160,2,2,1,Downtown,2006,2,Good,853500.0
1150,2,2,1,Downtown,1966,2,Fair,407500.0
5200,6,4,2,Rural,2006,2,Good,843500.0
2010,2,2,2,Suburban,2010,3,Fair,364500.0
2000,3,3,2,Rural,1979,2,Fair,303500.0
2630,3,2,2,Urban,2016,2,Fair,728500.0
2360,4,4,2,Urban,2021,0,Good,810500.0
2100,3,3,1,Suburban,2016,2,Excellent,714000.0
1330,1,1,1,Suburban,1987,2,Good,329000.0
2350,4,3,1,Urban,2005,1,Good,798500.0
4430,6,5,2,Suburban,2021,0,Fair,862500.0
3480,5,4,3,Downtown,1988,2,Good,1314500.0
3890,6,5,1,Urban,2016,1,Excellent,1540500.0
1510,1,1,1,Rural,1961,1,Fair,183000.0
1220,2,1,1,Urban,1960,2,Excellent,465500.0
1800,3,3,2,Suburban,2014,2,Good,498000.0
1950,3,3,1,Suburban,2014,2,Excellent,737500.0
3110,5,4,3,Downtown,2015,1,Good,1486500.0
890,2,1,1,Downtown,2021,1,Good,460500.0
3780,6,5,2,Suburban,1972,1,Good,713000.0
1770,2,1,2,Suburban,1982,1,Good,353500.0
1570,1,1,1,Suburban,2020,0,Good,373500.0
1210,2,1,2,Suburban,1978,3,Excellent,372000.0
900,1,1,1,Rural,2010,2,Fair,180500.0
2750,4,4,2,Suburban,2002,1,Fair,619000.0
1960,3,2,1,Rural,1969,1,Good,273000.0
1060,2,2,2,Suburban,1986,1,Good,311000.0
1060,1,1,1,Suburban,2001,1,Excellent,313000.0
1630,4,4,1,Downtown,2018,0,Good,910000.0
4030,6,5,2,Urban,2011,3,Fair,1103000.0
1690,4,4,1,Suburban,2007,1,Good,500500.0
970,1,1,1,Rural,2000,0,Good,189000.0
1700,3,2,1,Suburban,1987,0,Good,402500.0
1680,3,2,2,Suburban,1973,2,Good,383500.0
650,1,1,2,Suburban,1994,1,Fair,150000.0
1850,3,1,2,Urban,1963,0,Good,469000.0
1710,4,4,2,Urban,1980,1,Good,546500.0
2600,5,5,2,Urban,1996,2,Good,901000.0
4370,6,5,1,Suburban,1995,0,Good,871500.0
3160,5,5,2,Downtown,1965,1,Fair,886000.0
1680,3,3,2,Downtown,2005,1,Fair,658000.0
1160,3,1,1,Suburban,2003,1,Good,296000.0
5200,5,3,2,Suburban,1969,1,Fair,790000.0
1950,3,2,2,Suburban,2022,0,Good,494500.0
1910,3,1,1,Suburban,1971,0,Excellent,542000.0
1880,3,2,2,Urban,2018,1,Good,629000.0
2080,4,4,2,Suburban,1960,1,Good,414500.0
1780,3,2,1,Rural,2019,0,Good,278500.0
1470,2,1,1,Suburban,1962,1,Good,258000.0
1490,1,1,1,Suburban,2013,2,Excellent,464000.0
1870,3,3,2,Downtown,1991,2,Excellent,1111500.0
1490,2,1,1,Suburban,2012,2,Good,371000.0
1380,2,2,2,Urban,1994,2,Good,516000.0
1990,3,3,2,Suburban,1968,3,Good,426000.0
1690,4,4,1,Suburban,2014,2,Fair,438500.0
3740,5,3,2,Suburban,1968,2,Good,734500.0
650,1,1,2,Urban,2021,1,Excellent,308500.0
3110,6,5,1,Rural,1966,1,Fair,431000.0
3330,4,3,2,Suburban,1999,2,Excellent,1021000.0
750,1,1,1,Suburban,2012,3,Excellent,268500.0
1630,2,2,2,Suburban,1993,1,Excellent,603500.0
1610,2,2,2,Downtown,1981,2,Good,691500.0
1010,1,1,2,Suburban,2013,1,Good,285000.0
1340,3,2,1,Suburban,2015,1,Good,387000.0
1150,2,1,1,Suburban,2021,1,Good,284000.0
4180,6,5,3,Downtown,1992,1,Fair,1439000.0
2900,4,4,2,Suburban,2000,1,Good,690500.0
3370,5,5,2,Urban,1991,2,Good,1021000.0
2630,4,3,1,Downtown,1984,2,Fair,874500.0
1140,2,1,1,Suburban,2013,2,Good,283000.0
1500,2,1,1,Suburban,1990,1,Fair,286500.0
2370,4,3,1,Suburban,1995,2,Good,572000.0
1100,3,2,2,Urban,1994,1,Good,375500.0
2620,4,3,2,Rural,2011,1,Fair,405500.0
1710,3,3,1,Suburban,2021,2,Excellent,592500.0
1610,1,1,1,Urban,2009,1,Fair,421000.0
2620,3,2,2,Suburban,1998,0,Good,578000.0
2320,4,4,2,Suburban,2014,1,Good,650000.0
1620,2,1,1,Suburban,2008,2,Good,390000.0
3200,5,4,2,Suburban,1967,1,Fair,537000.0
1170,2,1,1,Suburban,1970,2,Excellent,365000.0
2510,5,3,1,Suburban,1964,2,Excellent,728500.0
2480,5,4,3,Downtown,1997,2,Good,1073500.0
1650,4,3,2,Suburban,2017,2,Good,444000.0
2200,3,3,1,Downtown,1988,1,Fair,795500.0
1080,2,2,1,Urban,1993,1,Good,371500.0
2880,4,4,2,Rural,2021,1,Good,562000.0
1750,2,2,2,Urban,2017,1,Good,643000.0
1500,1,1,1,Rural,2009,2,Good,247000.0
3050,5,4,2,Downtown,1985,0,Good,1107500.0
1380,2,2,2,Downtown,1972,1,Fair,462000.0
1010,2,1,2,Suburban,1962,2,Fair,190500.0
940,1,1,1,Suburban,1971,2,Fair,173500.0
2500,4,4,3,Suburban,1987,2,Fair,556000.0
1070,2,2,1,Suburban,2003,2,Good,258000.0
4190,6,5,3,Suburban,1967,2,Good,867500.0
740,1,1,2,Suburban,1974,2,Good,203000.0
4080,6,5,2,Urban,1978,1,Good,1134500.0
2090,3,2,1,Rural,2007,3,Good,305500.0
1820,3,1,2,Urban,2006,1,Good,602000.0
1490,1,1,2,Urban,2003,1,Good,448000.0
2270,2,2,1,Suburban,1983,1,Good,467500.0
1870,3,3,1,Downtown,1992,2,Good,816000.0
3120,6,5,2,Suburban,1970,3,Fair,596000.0
2000,3,3,1,Rural,1982,1,Fair,293500.0
2030,3,2,2,Urban,2020,0,Good,709500.0
1610,2,1,2,Suburban,2024,2,Excellent,526500.0
1850,4,3,1,Suburban,2008,2,Good,500500.0
2180,3,2,2,Downtown,2021,1,Good,1019000.0
880,1,1,2,Downtown,2008,1,Good,394500.0
1040,2,2,1,Urban,1964,2,Good,316500.0
2660,5,5,1,Urban,2024,1,Good,1037500.0
2050,3,2,2,Rural,1971,2,Excellent,454500.0
1750,3,3,2,Rural,2010,0,Good,359000.0
1920,2,2,2,Urban,1984,0,Good,542000.0
2220,3,1,1,Suburban,1993,1,Good,478500.0
1490,2,2,1,Suburban,2008,1,Good,359000.0
1340,1,1,1,Suburban,1996,0,Excellent,431000.0
2080,3,2,1,Urban,1983,0,Good,577500.0
1220,2,2,1,Suburban,1989,2,Good,342500.0
2280,3,3,2,Urban,1990,1,Excellent,910000.0
880,2,2,2,Rural,2023,2,Good,264000.0
3020,5,4,3,Rural,2015,1,Good,557500.0
2350,3,2,2,Suburban,1997,2,Excellent,735000.0
2130,3,2,2,Suburban,1980,1,Good,460500.0
2960,5,3,3,Downtown,2016,1,Good,1294000.0
4020,5,4,2,Rural,1976,2,Fair,474000.0
3000,5,5,2,Rural,1980,1,Fair,412500.0
830,1,1,2,Suburban,1992,2,Good,209000.0
1070,1,1,2,Suburban,2019,2,Good,305500.0
1430,1,1,1,Rural,1974,2,Excellent,281000.0
1920,3,3,2,Rural,1973,1,Excellent,431500.0
2400,4,3,1,Downtown,1999,2,Excellent,1339500.0
1370,3,2,1,Urban,1985,2,Good,434000.0
2070,3,1,2,Suburban,2004,3,Excellent,620500.0
1350,3,2,1,Suburban,1997,2,Good,331500.0
1440,2,2,1,Suburban,1996,0,Good,332000.0
1010,3,1,2,Suburban,1972,1,Good,223500.0
1250,2,2,2,Urban,1975,2,Fair,334000.0
1030,2,2,2,Downtown,2016,2,Fair,518000.0
1230,1,1,2,Suburban,2019,1,Excellent,386500.0
3050,4,4,3,Urban,1982,2,Good,942000.0
1240,2,1,1,Rural,1972,1,Good,197500.0
5200,6,5,3,Suburban,1966,1,Good,981000.0
2370,4,3,3,Rural,2006,0,Excellent,525000.0
2070,3,2,1,Rural,2011,2,Good,360500.0
1290,2,1,2,Downtown,1992,2,Good,619500.0
2600,4,3,3,Suburban,2010,1,Fair,546000.0
1470,2,2,2,Rural,2011,2,Good,288500.0
2010,3,2,2,Downtown,2022,0,Excellent,1067000.0
5200,6,5,1,Downtown,1967,0,Good,1502500.0
1820,3,3,3,Urban,1979,2,Good,613000.0
3190,5,4,3,Downtown,1968,1,Good,1023000.0
1390,2,1,1,Suburban,2019,2,Excellent,429500.0
1870,3,3,2,Urban,2015,2,Good,684000.0
4220,6,5,3,Urban,2004,2,Good,1448500.0
1430,2,2,1,Downtown,1969,1,Good,497000.0
4300,5,4,2,Urban,1985,1,Fair,926000.0
2610,4,4,2,Suburban,1987,2,Excellent,866500.0
1480,2,1,1,Urban,2003,2,Excellent,578000.0
2530,4,3,2,Suburban,1984,2,Excellent,776500.0
2940,5,4,2,Suburban,1968,1,Excellent,868000.0
2510,4,3,2,Rural,2012,1,Excellent,518000.0
940,1,1,1,Downtown,1987,2,Good,427000.0
1370,2,1,1,Suburban,1997,2,Excellent,387500.0
1700,3,3,2,Suburban,1973,1,Good,398000.0
1840,3,2,2,Suburban,2016,0,Fair,377000.0
2510,4,3,3,Downtown,2003,2,Good,1177000.0
2060,4,3,2,Suburban,2020,1,Excellent,746500.0
1040,1,1,1,Urban,2000,1,Good,333500.0
2260,4,3,2,Downtown,2022,1,Excellent,1398500.0
2500,4,3,2,Suburban,2020,1,Fair,537500.0
2450,4,2,3,Suburban,2004,2,Good,568000.0
3090,4,4,2,Urban,2022,1,Good,1174000.0
2770,4,3,2,Downtown,1989,0,Fair,939000.0
2340,4,3,2,Urban,1992,0,Fair,601000.0
1840,2,1,1,Suburban,1965,1,Fair,300500.0
900,1,1,2,Downtown,2005,2,Excellent,552000.0
2310,5,5,1,Suburban,2012,0,Fair,539000.0
2090,3,2,1,Suburban,2014,1,Good,475500.0
2150,3,2,1,Urban,1975,0,Fair,481000.0
1070,1,1,1,Suburban,1996,1,Good,264500.0
1170,2,1,1,Urban,1978,1,Good,336500.0
3050,4,4,2,Suburban,2009,0,Good,789500.0
1870,3,3,2,Downtown,1976,2,Good,788500.0
2580,5,5,2,Rural,2020,1,Fair,440500.0
1930,3,2,3,Suburban,1982,2,Good,410500.0
1930,2,1,1,Urban,1986,0,Excellent,725500.0
2900,4,3,2,Rural,2018,1,Fair,422000.0
1510,2,1,2,Rural,1997,1,Good,249000.0
1980,3,2,1,Downtown,1963,2,Good,698500.0
1540,2,2,2,Suburban,1999,1,Fair,312500.0
1560,2,2,2,Downtown,1969,1,Good,631000.0
1650,3,2,1,Suburban,2024,1,Good,442500.0
2100,3,3,2,Suburban,2005,0,Fair,426500.0
1530,2,1,2,Urban,1984,3,Good,477000.0
3340,4,3,2,Urban,2003,1,Excellent,1328500.0
1270,2,1,1,Suburban,1968,2,Excellent,375000.0
1750,3,1,1,Suburban,2015,2,Excellent,522500.0
1560,2,2,1,Urban,2021,1,Good,533500.0
3650,6,5,2,Suburban,2019,0,Good,963500.0
2080,2,1,1,Suburban,1990,2,Good,490000.0
3020,5,4,3,Rural,1989,1,Fair,410500.0
970,1,1,2,Suburban,1964,1,Good,188000.0
2140,2,2,1,Suburban,2008,2,Good,523000.0
2840,4,3,2,Suburban,2002,2,Good,710000.0
1970,2,1,1,Suburban,1997,2,Excellent,593000.0
3070,5,4,2,Rural,2020,2,Fair,465000.0
1510,1,1,1,Rural,1977,1,Good,213500.0
3580,6,5,2,Urban,1961,1,Fair,809000.0
5200,6,5,2,Suburban,1968,0,Good,910500.0
1610,2,2,2,Downtown,1981,2,Fair,583500.0
1560,2,1,3,Urban,1964,3,Good,474500.0
3660,6,5,3,Rural,2000,1,Good,635500.0
3870,6,5,2,Urban,1988,0,Good,1100500.0
1500,2,1,2,Rural,1978,1,Good,237000.0
1570,3,3,2,Urban,2013,2,Good,575000.0
1670,4,3,1,Downtown,1980,1,Good,654500.0
1040,3,2,2,Suburban,2010,0,Good,289500.0
1260,2,1,2,Urban,1990,3,Good,410000.0
1210,2,1,1,Suburban,2000,2,Excellent,387000.0
1350,2,1,2,Suburban,2022,1,Good,380000.0
1870,3,3,3,Downtown,1964,3,Good,843500.0
2110,3,2,2,Rural,2000,1,Excellent,477000.0
3820,6,4,2,Suburban,2018,1,Excellent,1135500.0
1210,2,2,1,Suburban,2005,1,Excellent,390500.0
2960,5,4,2,Urban,1985,2,Good,962500.0
1730,3,2,1,Suburban,1994,2,Good,440000.0
1860,2,1,2,Downtown,2010,0,Good,700500.0
2580,4,4,2,Rural,2020,3,Good,547000.0
1150,2,1,2,Suburban,1965,1,Excellent,313000.0
2260,3,3,3,Urban,1968,2,Good,719500.0
2050,3,2,1,Suburban,1989,2,Excellent,655500.0
2370,4,3,2,Urban,1982,1,Good,677000.0
2160,4,3,2,Rural,1985,1,Good,360500.0
5200,6,5,2,Rural,1981,2,Excellent,980500.0
1430,2,1,2,Rural,1979,1,Good,224500.0
1500,2,1,1,Downtown,1974,2,Excellent,855500.0
1440,2,1,2,Suburban,2022,1,Good,344000.0
1480,2,1,1,Urban,1975,2,Good,463500.0
1430,2,1,1,Suburban,1980,1,Good,326000.0
3250,5,4,2,Suburban,1983,1,Excellent,944500.0
3600,5,4,3,Suburban,2022,1,Good,904000.0
1470,2,1,1,Downtown,2013,2,Good,733500.0
1310,1,1,1,Urban,2015,1,Good,465500.0
2350,5,5,1,Urban,1971,1,Good,705000.0
1480,3,3,2,Rural,2017,3,Fair,308000.0
2530,4,2,3,Suburban,1994,2,Good,679500.0
2080,3,2,2,Suburban,1984,0,Fair,377500.0
960,1,1,1,Downtown,2004,3,Good,468500.0
3810,6,5,3,Suburban,2017,2,Excellent,1182500.0
4260,6,5,2,Suburban,2014,1,Good,1014500.0
1440,3,2,2,Suburban,2020,1,Excellent,472500.0
1600,2,1,1,Suburban,2021,2,Good,407500.0
2160,3,2,1,Rural,1983,2,Excellent,434000.0
2210,3,2,2,Downtown,1995,1,Fair,736000.0
2560,5,5,3,Suburban,1961,1,Fair,500000.0
4700,5,5,2,Downtown,2019,1,Excellent,2164500.0
1760,3,1,2,Urban,1976,2,Good,519000.0
1330,2,1,1,Suburban,2018,1,Good,293000.0
1020,2,1,1,Suburban,1989,0,Excellent,284500.0
1370,1,1,2,Rural,1992,2,Good,221500.0
1870,4,4,2,Downtown,1964,2,Excellent,1085000.0
4260,5,4,2,Suburban,1989,1,Good,931000.0
1510,2,1,1,Suburban,2020,1,Good,369500.0
2100,3,2,2,Suburban,1963,1,Good,410000.0
1890,3,3,2,Suburban,1994,1,Good,487500.0
3240,5,4,3,Suburban,1963,3,Good,635500.0
5200,6,5,2,Suburban,1992,2,Good,1064500.0
1500,1,1,2,Urban,1977,1,Fair,334500.0
1530,1,1,2,Urban,1984,1,Good,447500.0
3040,5,5,2,Suburban,2019,1,Fair,691000.0
2580,4,4,2,Suburban,1996,2,Excellent,858000.0
4360,6,5,2,Downtown,1985,1,Good,1614500.0
2470,3,2,2,Rural,2005,2,Good,416000.0
1620,2,1,2,Downtown,1975,2,Excellent,934500.0
2480,3,2,2,Suburban,1984,1,Good,482000.0
3130,4,4,2,Urban,2002,2,Excellent,1238000.0
2750,4,4,1,Suburban,1982,2,Good,605000.0
2390,4,2,1,Suburban,2010,2,Fair,513000.0
3070,4,3,1,Downtown,1999,3,Good,1360000.0
3220,5,4,1,Rural,2014,1,Good,584000.0
3540,4,4,2,Suburban,2022,1,Excellent,1037500.0
2550,4,3,2,Suburban,1972,2,Good,571000.0
1760,4,4,1,Urban,1989,2,Good,566500.0
2030,2,1,1,Suburban,1988,3,Good,394000.0
3270,5,3,3,Urban,1975,0,Good,829000.0
1320,3,1,1,Suburban,2016,2,Fair,276500.0
2240,4,3,2,Suburban,2014,1,Good,604000.0
1590,2,1,1,Urban,1999,1,Excellent,564500.0
1930,2,1,2,Rural,2002,1,Excellent,390500.0
3380,4,3,2,Suburban,1967,1,Good,651000.0
2070,3,3,1,Rural,2003,0,Good,337500.0
1940,3,2,1,Suburban,2015,2,Fair,415500.0
1030,1,1,2,Urban,2004,1,Good,371000.0
2660,4,3,3,Suburban,1985,0,Good,608000.0
2540,3,2,2,Suburban,2009,1,Good,631500.0
5030,6,5,3,Suburban,1991,1,Good,954000.0
1650,3,2,1,Suburban,2002,3,Excellent,502000.0
2100,2,2,1,Suburban,1999,1,Excellent,635500.0
2130,3,2,1,Downtown,1993,1,Good,940500.0
3870,6,5,2,Downtown,2012,2,Fair,1452000.0
1820,4,3,2,Rural,2019,2,Fair,375500.0
2160,3,3,2,Rural,1960,2,Fair,271000.0
2500,4,2,2,Downtown,2022,2,Good,1128000.0
2070,3,1,2,Suburban,2000,3,Fair,390500.0
1550,2,2,2,Suburban,2011,1,Excellent,532000.0
2070,4,4,2,Urban,2018,3,Excellent,969500.0
3080,5,4,3,Suburban,1998,2,Good,754500.0
1200,2,1,3,Suburban,2017,2,Good,330000.0
2020,2,1,2,Downtown,1978,2,Good,772500.0
1390,2,1,1,Urban,1976,2,Excellent,546000.0
3250,5,4,1,Rural,2008,0,Excellent,665000.0
960,1,1,2,Rural,2019,1,Fair,160000.0
1480,2,2,2,Suburban,2020,3,Fair,358500.0
2250,3,3,2,Urban,2008,1,Good,796500.0
3840,6,5,2,Suburban,2001,1,Good,968500.0
1850,4,3,3,Rural,1989,2,Fair,280500.0
1480,1,1,1,Downtown,2024,1,Good,666500.0
4430,6,5,2,Rural,1988,0,Good,621000.0
990,2,2,1,Rural,2013,2,Fair,195500.0
710,2,1,2,Suburban,2002,2,Excellent,243000.0
2320,3,3,2,Suburban,2006,1,Fair,494500.0
1520,2,1,1,Suburban,1993,3,Good,369000.0
1200,2,1,1,Downtown,2023,1,Good,489500.0
2610,3,2,2,Downtown,2004,1,Good,1121500.0
2120,3,1,1,Suburban,2022,0,Good,472000.0
1470,2,2,1,Suburban,1960,2,Good,319500.0
1070,2,1,2,Suburban,2004,1,Excellent,312000.0
2810,4,4,2,Suburban,2011,1,Good,769500.0
2550,4,3,1,Rural,2013,2,Good,484000.0
1820,2,1,2,Downtown,2020,0,Good,810000.0
4360,6,5,3,Suburban,1960,2,Good,846000.0
1170,2,1,1,Suburban,1960,2,Excellent,321500.0
960,1,1,2,Suburban,1998,3,Fair,207500.0
1390,1,1,2,Suburban,1963,2,Good,296500.0
1860,2,2,2,Rural,2023,0,Good,329500.0
2120,3,2,2,Rural,1981,0,Fair,291500.0
1710,3,3,2,Suburban,1998,2,Excellent,621500.0
2230,3,3,1,Urban,1967,2,Good,652000.0
1080,2,1,1,Suburban,2001,1,Good,297500.0
3640,5,3,1,Suburban,1992,2,Excellent,1037500.0
1830,2,2,1,Suburban,1965,1,Good,371000.0
3140,5,4,2,Downtown,1989,3,Good,1383000.0
2220,3,2,2,Suburban,1993,3,Fair,456000.0
2330,3,2,1,Rural,2024,3,Good,420000.0
2460,4,4,2,Suburban,1980,2,Fair,475500.0
2320,4,3,1,Urban,2002,2,Good,758000.0
2540,5,4,2,Rural,2024,1,Good,555000.0
3460,6,4,2,Suburban,2015,2,Good,856000.0
2080,3,2,1,Rural,2024,2,Good,385500.0
2620,4,3,2,Rural,2023,3,Fair,418000.0
1830,3,1,1,Suburban,1999,2,Excellent,579500.0
3630,6,5,3,Suburban,2010,0,Fair,751500.0
1400,2,2,2,Urban,1972,2,Excellent,578500.0
4270,6,5,1,Urban,1996,2,Good,1185500.0
1870,3,2,1,Suburban,2016,1,Good,421500.0
1000,2,2,1,Suburban,2000,1,Good,261500.0
2010,3,1,2,Suburban,2011,2,Excellent,595500.0
1400,1,1,2,Rural,2013,1,Good,270000.0
2770,4,4,2,Downtown,1984,1,Good,1159000.0
1420,2,1,1,Downtown,2019,1,Excellent,806500.0
1550,2,1,2,Suburban,1997,3,Excellent,507500.0
810,1,1,2,Rural,1980,2,Good,170000.0
1550,1,1,1,Rural,2019,0,Excellent,314000.0
650,2,1,2,Urban,1995,2,Good,287000.0
930,1,1,1,Urban,2013,2,Fair,288500.0
2680,5,4,1,Urban,2003,0,Good,926000.0
2710,5,4,2,Urban,1993,1,Good,901000.0
2300,4,4,2,Suburban,2016,2,Good,670000.0
1230,2,2,1,Urban,2005,1,Good,386500.0
1860,3,2,1,Urban,1993,2,Good,617000.0
1900,4,4,1,Suburban,1972,1,Fair,376500.0
1130,2,2,2,Suburban,2020,1,Excellent,400000.0
3740,6,5,2,Urban,1964,3,Good,928000.0
2820,4,4,3,Suburban,2018,1,Excellent,921500.0
1720,3,2,1,Urban,1991,2,Excellent,761500.0
1920,3,2,2,Urban,2007,1,Excellent,718000.0
2090,3,1,1,Urban,2021,1,Excellent,753000.0
760,1,1,1,Urban,1975,1,Good,246000.0
1700,4,4,1,Suburban,2004,1,Good,504000.0
1400,2,1,2,Urban,2014,1,Good,473000.0
1210,3,2,2,Suburban,2013,1,Good,362000.0
1670,3,1,2,Suburban,2001,1,Good,374500.0
4270,6,5,1,Rural,2007,2,Fair,585000.0
2540,4,4,2,Suburban,2013,0,Excellent,774500.0
1470,2,1,1,Suburban,2017,2,Excellent,410000.0
2460,3,3,1,Downtown,2014,1,Good,1213500.0
3570,5,4,2,Suburban,1991,1,Good,826500.0
2880,3,2,1,Suburban,2024,2,Good,654500.0
1950,4,4,2,Suburban,1996,1,Excellent,727000.0
1420,3,3,1,Rural,1963,1,Good,245000.0
2600,4,4,2,Urban,1991,1,Good,815500.0
2270,3,2,1,Suburban,1973,2,Good,455500.0
2840,4,2,3,Urban,1973,2,Good,809500.0
2530,4,4,2,Urban,1986,1,Excellent,1149000.0
3050,6,5,1,Suburban,1966,1,Fair,557500.0
1490,1,1,2,Downtown,2010,2,Fair,570000.0
3440,4,3,2,Suburban,1968,1,Excellent,917500.0
2080,4,4,1,Suburban,1980,0,Excellent,720500.0
4840,6,4,2,Downtown,1970,1,Excellent,2298000.0
1390,2,1,1,Downtown,1967,1,Good,504500.0
4150,6,5,3,Rural,1985,1,Good,630500.0
2080,3,2,1,Rural,2004,2,Good,361000.0
1420,2,1,2,Rural,2023,1,Fair,208000.0
1530,2,1,1,Suburban,2019,1,Good,387000.0
1650,3,2,1,Downtown,2019,2,Fair,632000.0
2300,4,2,1,Suburban,1978,2,Good,482500.0
2400,4,3,1,Suburban,1985,1,Excellent,772000.0
1470,2,2,2,Downtown,1968,1,Good,533000.0
1880,3,2,2,Suburban,2014,2,Excellent,545000.0
4980,6,5,2,Suburban,1968,2,Good,921000.0
4140,6,5,2,Downtown,2003,1,Good,1519000.0
2310,4,3,1,Urban,1983,3,Good,671000.0
1930,3,2,3,Urban,1983,2,Good,618500.0
2010,3,3,1,Suburban,2024,2,Good,555000.0
2510,4,4,3,Urban,2013,1,Excellent,1158500.0
1200,1,1,1,Rural,2017,1,Fair,159000.0
1690,2,1,2,Suburban,2004,1,Excellent,471500.0
900,1,1,1,Downtown,2019,1,Fair,374000.0
2270,3,2,1,Suburban,2008,2,Excellent,622000.0
2540,3,2,1,Urban,2022,1,Good,886500.0
1530,2,1,2,Suburban,1986,2,Excellent,485500.0
3860,6,5,3,Rural,2005,1,Good,605000.0
1090,2,1,2,Urban,2010,1,Fair,314500.0
980,3,3,2,Rural,1993,2,Excellent,352000.0
2100,3,1,1,Urban,2019,1,Good,646000.0
3040,5,5,1,Rural,2024,2,Good,572000.0
4060,5,4,2,Downtown,1999,3,Excellent,2291500.0
1550,1,1,1,Suburban,1993,0,Fair,316500.0
3090,5,5,1,Suburban,1998,1,Good,744000.0
1870,2,1,1,Rural,2018,1,Good,331000.0
1760,3,3,1,Downtown,2008,2,Excellent,983500.0
2830,4,4,3,Urban,1965,1,Fair,672500.0
2550,4,3,3,Urban,2002,2,Good,879500.0
940,1,1,1,Suburban,1962,1,Good,195500.0
3690,6,5,2,Suburban,2014,2,Excellent,1107500.0
3540,5,4,2,Rural,1989,2,Excellent,804500.0
1430,3,2,3,Suburban,1998,1,Good,406500.0
2270,2,1,1,Suburban,2015,1,Good,522500.0
2370,5,4,2,Downtown,1965,0,Good,851500.0
2140,3,2,1,Urban,1976,1,Fair,496000.0
1480,2,2,1,Suburban,1994,1,Good,405000.0
1400,2,1,1,Rural,1982,1,Excellent,292000.0
1880,2,1,1,Urban,1990,2,Good,537500.0
3220,4,3,2,Rural,2024,2,Fair,454000.0
2430,4,3,1,Suburban,2017,2,Good,570000.0
1610,2,2,2,Suburban,2019,1,Good,440500.0
2690,5,4,2,Suburban,2022,2,Good,765500.0
650,1,1,1,Urban,1990,1,Good,219000.0
3190,4,2,2,Suburban,1987,1,Good,664000.0
870,1,1,2,Rural,1982,1,Good,135000.0
1610,2,2,2,Suburban,2017,0,Excellent,515000.0
1150,2,2,2,Urban,2010,1,Good,437500.0
1060,2,1,1,Suburban,1982,1,Good,225500.0
3200,6,5,3,Suburban,1992,3,Good,857000.0
1540,2,2,2,Downtown,2000,1,Excellent,900000.0
2220,3,1,1,Downtown,2001,2,Excellent,1134000.0
1860,3,3,1,Downtown,2020,1,Good,932000.0
2360,5,4,1,Urban,1992,1,Fair,636000.0
1970,3,2,2,Suburban,2020,1,Fair,421500.0
1070,1,1,1,Suburban,1996,2,Good,236500.0
2980,5,4,2,Suburban,2013,0,Good,807000.0
1520,2,1,1,Suburban,2021,1,Good,368500.0
940,1,1,2,Downtown,2020,1,Good,475500.0
1570,2,2,2,Urban,1966,1,Good,462000.0
3730,6,5,2,Urban,1980,2,Fair,867500.0
2790,3,3,2,Suburban,1998,1,Fair,541000.0
1620,2,1,1,Downtown,1996,1,Good,703000.0
1620,2,1,1,Urban,2008,2,Fair,417000.0
1640,3,2,2,Rural,2022,1,Fair,308500.0
4840,6,5,2,Downtown,1972,2,Good,1587000.0
2260,3,3,1,Suburban,1997,2,Excellent,714000.0
2310,3,2,1,Rural,1979,3,Good,354000.0
3020,4,2,3,Urban,2020,1,Excellent,1364500.0
2120,3,3,2,Urban,2023,2,Good,708000.0
1690,4,3,1,Rural,1999,1,Good,320500.0
1740,3,3,3,Suburban,1971,2,Good,426500.0
1840,2,1,2,Downtown,2015,1,Excellent,985500.0
1870,3,2,1,Urban,2010,1,Fair,528500.0
2640,4,4,2,Urban,1991,2,Fair,690500.0
1950,3,2,2,Suburban,2020,0,Good,477500.0
2640,3,3,2,Rural,2023,2,Excellent,608500.0
1830,2,1,1,Suburban,2003,2,Excellent,476000.0
1970,3,2,1,Suburban,2003,1,Good,464000.0
770,1,1,2,Suburban,1987,1,Good,190500.0
2870,4,3,2,Suburban,2005,1,Good,667500.0
2220,2,1,1,Suburban,1996,3,Excellent,681500.0
2980,5,4,2,Suburban,1987,0,Good,611500.0
650,2,2,2,Urban,1967,2,Excellent,352000.0
4860,6,5,2,Suburban,1984,2,Good,1090000.0
1790,3,1,2,Suburban,1979,3,Good,357000.0
3130,5,5,2,Rural,2002,2,Excellent,760000.0
1190,1,1,1,Suburban,2005,2,Fair,249000.0
2500,4,4,2,Rural,2006,0,Excellent,552000.0
1180,2,1,1,Downtown,1993,1,Good,457500.0
1440,2,2,1,Urban,1995,1,Excellent,653500.0
4500,6,5,2,Suburban,2017,2,Good,1141500.0
1740,3,2,1,Rural,1998,2,Good,297500.0
2100,2,1,3,Suburban,2024,2,Good,523000.0
2810,4,3,2,Urban,1996,2,Good,930500.0
2380,3,2,2,Suburban,2008,1,Good,573500.0
2030,2,1,2,Suburban,1966,1,Excellent,495000.0
2240,4,4,1,Urban,2008,1,Good,785500.0
5200,6,5,2,Urban,2018,1,Good,1687000.0
1850,3,2,1,Urban,2022,2,Excellent,803000.0
2080,4,4,2,Downtown,2024,1,Good,892500.0
3050,6,5,2,Downtown,1986,2,Good,1302000.0
3130,5,3,2,Suburban,2004,2,Fair,622000.0
3240,5,5,2,Suburban,1997,1,Excellent,984500.0
2530,4,3,2,Urban,2003,1,Good,746500.0
1140,2,1,1,Urban,1976,1,Good,346000.0
3960,6,5,3,Downtown,2018,1,Excellent,2022000.0
1130,2,1,2,Rural,2021,2,Excellent,261000.0
2180,3,2,2,Suburban,1997,0,Fair,412500.0
1350,2,2,2,Suburban,1986,2,Good,327000.0
1850,2,1,1,Suburban,1975,2,Excellent,521000.0
2200,3,2,1,Suburban,2010,1,Fair,435500.0
2200,2,1,1,Urban,1988,2,Excellent,822500.0
2300,4,4,2,Rural,2021,2,Good,476000.0
3930,6,5,3,Urban,2009,2,Good,1291000.0
2330,4,3,1,Urban,2008,1,Good,773500.0
1700,3,2,1,Suburban,2003,1,Good,411500.0
2930,6,5,2,Suburban,1965,1,Fair,588500.0
3250,5,4,2,Urban,2022,1,Good,1153500.0
1090,2,1,2,Urban,2007,2,Fair,341500.0
2490,4,3,2,Downtown,2024,2,Good,1188500.0
2610,3,3,2,Downtown,2002,3,Fair,993000.0
1660,2,2,2,Downtown,2011,0,Excellent,873500.0
3530,5,5,3,Suburban,1966,0,Good,747000.0
1780,3,1,1,Downtown,2007,2,Good,767500.0
2010,3,2,1,Urban,2014,1,Good,674000.0
1760,3,2,1,Downtown,2014,1,Good,804000.0
1910,2,1,1,Rural,2014,1,Good,303000.0
1160,1,1,2,Downtown,1982,0,Good,514000.0
990,3,2,1,Suburban,2023,2,Fair,248500.0
3900,5,4,2,Urban,2024,1,Fair,1028000.0
1300,2,2,2,Rural,1968,2,Good,239500.0
1220,2,2,1,Suburban,2022,2,Excellent,423000.0
720,1,1,2,Suburban,1986,1,Fair,152500.0
1430,1,1,1,Suburban,2010,3,Fair,281500.0
1050,1,1,1,Rural,1990,1,Fair,156000.0
3980,5,4,2,Urban,2023,3,Good,1354000.0
2990,5,4,2,Rural,1971,1,Good,452000.0
1390,2,2,1,Suburban,2000,2,Excellent,515500.0
5200,6,5,1,Rural,1995,1,Fair,563000.0
2960,5,5,2,Suburban,1989,2,Fair,588000.0
1640,3,2,1,Suburban,2008,2,Good,416000.0
650,1,1,2,Suburban,1974,1,Good,144500.0
5200,6,5,3,Suburban,2011,2,Good,1048000.0
1020,2,1,2,Urban,2024,1,Fair,310500.0
910,1,1,1,Rural,2016,1,Excellent,228500.0
3010,5,5,2,Rural,2018,2,Good,651500.0
5200,6,5,3,Suburban,1991,2,Good,1029500.0
3540,6,5,2,Downtown,1989,1,Good,1457500.0
2450,4,3,2,Suburban,2001,1,Good,613000.0
2480,4,3,2,Suburban,1965,3,Excellent,785500.0
2790,4,4,2,Suburban,2022,2,Excellent,913000.0
2670,4,3,2,Suburban,1975,0,Good,505500.0
2160,3,2,2,Rural,2020,1,Good,389000.0
1990,3,2,1,Rural,1969,3,Good,283000.0
1850,2,1,1,Suburban,2017,2,Good,426000.0
1350,2,1,1,Suburban,1976,2,Good,281000.0
1680,3,3,2,Rural,1964,1,Excellent,391000.0
890,1,1,3,Urban,2012,2,Fair,296500.0
1820,4,3,1,Downtown,1986,2,Fair,682500.0
1220,1,1,2,Suburban,2011,1,Good,301000.0
1160,2,2,1,Urban,2003,1,Fair,350500.0
2060,2,1,1,Downtown,1972,2,Good,756000.0
3560,5,4,3,Urban,2022,1,Fair,1048500.0
2870,4,4,2,Suburban,1997,2,Good,696500.0
940,1,1,2,Urban,2012,2,Good,354000.0
1220,2,1,1,Rural,2000,2,Good,205000.0
2900,4,3,2,Suburban,2006,2,Good,696500.0
1220,2,1,1,Suburban,1987,1,Excellent,359500.0
1720,3,2,1,Rural,1980,1,Excellent,361000.0
2430,4,4,2,Suburban,2002,2,Excellent,805500.0
1230,3,2,2,Rural,1996,1,Good,220500.0
1990,3,2,2,Urban,1993,1,Good,603000.0
1040,1,1,1,Suburban,2009,1,Good,279500.0
1450,2,1,1,Suburban,2010,1,Excellent,410000.0
2190,4,3,2,Rural,1965,2,Fair,303000.0
930,1,1,1,Rural,1990,1,Good,150500.0
2320,3,2,2,Suburban,1994,1,Fair,413000.0
1880,3,3,1,Downtown,1970,3,Good,706000.0
2440,4,4,2,Rural,1982,2,Good,460500.0
2100,2,2,3,Suburban,1966,2,Good,411000.0
3510,5,4,3,Downtown,2024,2,Good,1675500.0
2010,4,4,1,Rural,2012,2,Excellent,493000.0
1570,2,2,1,Downtown,1969,2,Good,658500.0
2010,3,3,2,Suburban,1962,2,Excellent,684500.0
2430,4,4,2,Suburban,2012,3,Good,612000.0
1940,2,1,1,Suburban,1996,1,Good,391000.0
1940,4,3,1,Suburban,2015,3,Good,557500.0
1390,2,2,2,Suburban,2021,1,Good,401000.0
1410,2,1,1,Downtown,2005,1,Good,628000.0
1010,2,1,2,Urban,1978,1,Good,297000.0
4180,6,5,2,Urban,2015,1,Good,1457500.0
1090,2,2,1,Urban,2023,2,Good,444000.0
1390,1,1,2,Suburban,2004,3,Good,328000.0
1380,2,2,1,Urban,2010,3,Good,511000.0
2840,5,5,1,Suburban,1990,3,Good,664500.0
1660,3,3,1,Urban,1993,1,Fair,502500.0
3330,6,5,3,Suburban,2012,3,Good,846500.0
1400,1,1,3,Urban,2021,1,Fair,423500.0
2160,3,3,1,Downtown,2007,2,Fair,809500.0
1310,2,2,2,Suburban,2015,1,Good,353500.0
4990,6,5,2,Rural,1977,1,Fair,509500.0
1110,2,1,2,Suburban,1980,3,Good,276500.0
2190,3,3,2,Suburban,2002,3,Good,603500.0
2530,3,2,2,Urban,1978,2,Fair,575000.0
2290,4,3,2,Downtown,2007,2,Good,960500.0
1750,2,1,2,Suburban,1986,1,Excellent,537000.0
1790,3,3,1,Suburban,2015,2,Good,454500.0
1940,3,2,2,Urban,2016,2,Good,721500.0
1780,2,2,2,Rural,1998,0,Excellent,396500.0
2930,5,4,2,Suburban,1978,0,Good,603000.0
5140,6,5,1,Downtown,2008,0,Fair,1671000.0
1480,3,2,1,Urban,2024,2,Excellent,642000.0
1030,2,1,1,Rural,2007,1,Excellent,212500.0
1830,3,2,2,Suburban,1964,1,Good,381000.0
5200,6,5,2,Urban,1962,1,Good,1066500.0
1320,2,1,2,Urban,1988,1,Good,434000.0
3970,5,5,1,Urban,1979,2,Fair,927500.0
4040,6,5,2,Suburban,2016,2,Fair,771500.0
1480,3,2,2,Downtown,2018,1,Good,670000.0
2460,4,3,2,Suburban,1984,1,Excellent,810000.0
3960,6,5,3,Urban,1989,1,Fair,995500.0
1600,1,1,1,Suburban,1982,2,Good,364000.0
1730,2,1,1,Rural,2020,1,Fair,228500.0
1460,2,1,1,Downtown,2000,1,Good,619000.0
1200,2,2,3,Rural,2008,2,Good,275000.0
1420,1,1,1,Suburban,1995,1,Good,329500.0
1100,3,2,2,Urban,2007,2,Fair,377500.0
1930,3,2,2,Urban,1993,1,Good,575500.0
1340,2,2,1,Urban,1990,2,Good,446500.0
2110,3,2,1,Suburban,2007,0,Fair,399500.0
940,1,1,2,Suburban,2005,1,Fair,205500.0
2210,3,1,2,Downtown,1987,1,Good,873000.0
2770,4,3,3,Rural,1975,2,Good,393500.0
770,1,1,1,Downtown,1992,3,Fair,349500.0
2250,3,1,1,Suburban,1995,1,Good,438500.0
3300,5,5,3,Urban,2007,2,Excellent,1342000.0
1100,3,3,2,Rural,2021,2,Fair,270000.0
4030,5,4,2,Suburban,1964,3,Good,774000.0
2300,5,4,1,Downtown,1983,2,Fair,827500.0
1380,3,2,2,Suburban,1979,0,Fair,244500.0
1850,2,1,2,Urban,2000,2,Fair,460000.0
2440,4,4,2,Urban,1996,1,Good,842500.0
1970,2,1,1,Urban,2012,0,Excellent,706500.0
2420,4,4,3,Downtown,1983,1,Good,976000.0
1260,2,2,2,Suburban,2005,3,Good,377500.0
2050,3,2,2,Rural,2019,3,Good,369500.0
1010,3,3,1,Rural,2021,2,Good,279000.0
1810,3,2,1,Suburban,2023,3,Good,491500.0
1270,2,1,1,Rural,2014,2,Good,230500.0
1370,2,1,2,Suburban,2020,0,Excellent,402000.0
3320,6,5,3,Suburban,1982,1,Excellent,1019500.0
3110,4,4,2,Rural,1979,0,Good,453500.0
2500,5,5,2,Rural,1960,0,Good,416000.0
1160,1,1,2,Urban,2011,1,Fair,321500.0
1650,3,2,2,Suburban,2022,1,Good,467000.0
3280,5,4,2,Suburban,1978,2,Excellent,975500.0
2030,2,2,1,Downtown,2007,2,Fair,718500.0
5200,6,4,2,Rural,2013,2,Good,786500.0
2270,3,3,1,Downtown,2021,3,Good,1092000.0
2070,3,3,1,Urban,2008,1,Good,738000.0
1650,2,1,2,Suburban,2023,2,Fair,346500.0
2020,3,1,2,Urban,1990,1,Excellent,792000.0
1770,4,4,1,Urban,1990,1,Good,648500.0
2610,4,4,2,Suburban,2002,2,Fair,577000.0
2920,4,2,2,Downtown,1993,1,Fair,1065000.0
1330,2,2,2,Rural,1960,1,Good,236500.0
1040,1,1,1,Suburban,2012,1,Fair,206000.0
830,1,1,2,Rural,2013,2,Fair,171000.0
2390,4,3,1,Suburban,2013,3,Good,671000.0
1160,2,1,1,Suburban,1990,0,Good,281000.0
720,1,1,1,Downtown,2001,2,Good,382500.0
2260,3,2,1,Rural,1991,0,Good,356500.0
5200,6,5,2,Suburban,1962,1,Good,896500.0
1900,3,1,1,Suburban,2003,1,Excellent,484500.0
2770,4,3,2,Downtown,1973,2,Good,1037000.0
1970,3,3,1,Downtown,1969,0,Good,666000.0
1820,3,2,2,Urban,2013,1,Excellent,807500.0
2870,4,4,1,Downtown,1961,1,Good,1011500.0
1670,4,4,2,Urban,2023,1,Good,717000.0
2140,3,3,2,Downtown,2001,2,Good,902500.0
2200,3,2,2,Urban,2024,1,Good,800000.0
1410,2,1,2,Rural,1966,1,Good,191500.0
2970,5,4,2,Suburban,2004,1,Good,685000.0
1760,3,1,1,Urban,1990,2,Excellent,785000.0
1350,1,1,2,Suburban,2017,2,Fair,315000.0
2420,3,3,3,Suburban,1991,0,Fair,478000.0
1270,2,2,1,Suburban,1984,1,Fair,257500.0
1930,3,3,2,Downtown,2018,1,Good,943500.0
1890,3,3,1,Rural,1992,1,Fair,287500.0
3100,5,4,3,Urban,1962,2,Good,814000.0
2350,4,2,1,Urban,1993,2,Good,711500.0
1880,2,1,1,Downtown,2008,2,Good,900000.0
2750,4,4,2,Downtown,1984,1,Fair,1064000.0
3550,4,3,2,Urban,1996,2,Excellent,1566500.0
2440,3,3,2,Suburban,1966,2,Good,525500.0
1910,3,3,1,Suburban,2005,2,Excellent,600000.0
1050,2,1,1,Suburban,2013,2,Good,262000.0
1180,1,1,1,Urban,1995,2,Fair,310500.0
1660,3,3,1,Downtown,1995,2,Fair,618500.0
1440,2,1,2,Urban,1970,1,Excellent,618500.0
1750,3,3,1,Suburban,1980,2,Good,461000.0
1950,3,2,2,Suburban,1976,1,Fair,363500.0
2410,4,3,3,Suburban,1999,2,Good,568000.0
1840,2,1,2,Rural,2001,2,Good,312500.0
2370,4,4,2,Suburban,2022,2,Good,667000.0
1960,2,1,1,Rural,1968,1,Fair,174000.0
780,1,1,1,Urban,2005,1,Excellent,342000.0
1250,2,1,2,Suburban,2001,0,Fair,229000.0
1780,3,3,2,Suburban,2001,2,Good,456000.0
1100,3,2,2,Downtown,2019,2,Good,578500.0
2490,4,3,2,Suburban,1980,2,Fair,455000.0
3790,6,4,2,Rural,1964,1,Good,518000.0
3290,4,3,1,Suburban,2009,3,Fair,649000.0
1730,2,1,2,Rural,1990,3,Good,244500.0
3720,5,4,3,Rural,1962,1,Excellent,769500.0
2030,2,1,1,Rural,1984,2,Good,271500.0
1630,3,3,2,Suburban,1988,2,Good,402000.0
1440,2,1,1,Suburban,2006,2,Good,338000.0
1660,2,2,1,Suburban,1977,3,Good,377000.0
1600,3,2,2,Downtown,1995,0,Excellent,988000.0
2050,3,3,2,Suburban,1999,2,Fair,445000.0
2040,3,1,1,Downtown,1997,2,Excellent,1190000.0
1900,2,2,1,Suburban,2023,2,Good,507500.0
2310,3,3,1,Suburban,1965,2,Good,488500.0
3250,4,3,2,Urban,2022,3,Fair,950500.0
2910,3,3,3,Rural,2004,1,Fair,376500.0
970,1,1,2,Rural,2015,2,Good,197500.0
650,1,1,2,Urban,1996,1,Excellent,353000.0
2890,4,3,2,Suburban,1997,1,Good,802000.0
1030,3,2,1,Urban,2019,1,Fair,312500.0
1720,3,2,2,Downtown,2020,2,Fair,718500.0
1120,3,2,1,Suburban,1983,3,Good,283500.0
840,1,1,1,Suburban,1979,1,Good,232000.0
2430,4,4,3,Suburban,2000,0,Fair,483500.0
2670,4,4,2,Downtown,2020,2,Fair,1117500.0
1470,1,1,2,Urban,1989,2,Good,423500.0
650,1,1,1,Downtown,2008,3,Good,368000.0
1490,2,2,1,Suburban,2011,1,Good,386000.0
2270,3,2,3,Urban,2014,0,Excellent,951000.0
980,2,1,1,Suburban,2003,1,Good,223000.0
2060,3,3,2,Suburban,1994,0,Fair,431000.0
1890,3,3,1,Downtown,2023,1,Good,916000.0
2470,3,1,3,Rural,2006,1,Excellent,466000.0
2010,3,2,2,Downtown,2012,1,Excellent,1148500.0
1230,1,1,1,Rural,1990,0,Excellent,237500.0
3260,4,3,1,Urban,2009,3,Good,1095500.0
1770,4,3,1,Suburban,1984,1,Good,411000.0
1880,3,1,1,Suburban,1983,1,Excellent,556000.0
1250,2,1,1,Suburban,2011,2,Good,319500.0
1560,2,2,1,Suburban,2001,2,Good,389000.0
1280,2,1,1,Suburban,2010,2,Excellent,376500.0
1760,3,3,2,Urban,1985,2,Good,606500.0
4110,5,5,3,Rural,2005,2,Fair,622000.0
1030,1,1,1,Rural,1996,2,Fair,146500.0
920,1,1,1,Rural,2005,2,Good,159000.0
3690,6,4,2,Suburban,1986,2,Good,829500.0
1730,3,3,2,Urban,2011,1,Fair,484500.0
1410,2,1,2,Downtown,2016,1,Good,596500.0
3030,6,4,2,Suburban,1984,2,Good,663500.0
1450,1,1,1,Suburban,1987,1,Good,304000.0
4320,6,5,2,Urban,2009,2,Fair,1045500.0
2580,4,3,1,Suburban,2010,0,Good,560500.0
1530,2,1,2,Suburban,2011,1,Fair,288500.0
5020,6,5,2,Suburban,2010,3,Good,1158500.0
1450,2,1,1,Rural,1993,1,Good,201000.0
2650,5,3,2,Rural,1993,3,Excellent,635000.0
2170,3,3,2,Rural,1984,3,Good,421000.0
3410,5,5,2,Urban,1976,2,Fair,829000.0
3840,6,5,2,Rural,2010,1,Good,675500.0
1930,3,1,1,Suburban,1970,2,Good,353000.0
1350,3,3,1,Suburban,2022,2,Excellent,570000.0
2340,3,2,1,Rural,2017,2,Excellent,483000.0
1400,2,1,1,Suburban,2018,2,Fair,292500.0
4700,6,5,2,Downtown,2020,3,Fair,1807500.0
2020,3,3,2,Rural,1994,2,Fair,310000.0
1610,2,2,1,Urban,2018,3,Good,601500.0
2070,3,1,2,Suburban,1976,0,Fair,328000.0
1040,2,1,1,Urban,1962,1,Fair,234000.0
1230,2,1,1,Suburban,2015,1,Good,311500.0
3260,6,5,3,Suburban,1968,1,Good,717500.0
1410,1,1,2,Urban,2024,2,Fair,414000.0
1190,2,1,3,Suburban,2009,1,Good,293000.0
2420,3,3,2,Urban,2013,3,Good,831000.0
3240,5,3,3,Suburban,1983,1,Good,646500.0
2630,4,3,1,Downtown,2009,1,Excellent,1286000.0
2980,5,5,2,Urban,1965,1,Fair,722000.0
1350,2,1,3,Downtown,2017,2,Good,686500.0
1000,3,1,2,Suburban,1977,0,Excellent,317500.0
3740,5,5,2,Suburban,2010,1,Excellent,969000.0
1640,3,2,2,Urban,1981,2,Good,505000.0
1700,3,3,1,Downtown,1968,1,Good,623000.0
3460,4,3,2,Downtown,1999,1,Fair,1166500.0
2440,3,3,2,Suburban,1977,2,Good,529000.0
2330,5,4,2,Urban,2012,0,Excellent,1017000.0
5040,6,4,2,Suburban,1982,1,Good,961000.0
1420,3,2,1,Suburban,1990,0,Good,297500.0
2890,5,5,2,Rural,2004,1,Fair,441500.0
1950,3,2,1,Suburban,1986,2,Good,437500.0
2140,3,3,2,Downtown,1992,0,Good,883000.0
3780,6,5,2,Rural,2016,2,Good,633000.0
2390,4,3,1,Urban,1978,2,Fair,546500.0
2420,4,4,2,Suburban,1969,0,Good,531500.0
3080,5,5,2,Rural,1989,3,Good,516000.0
1610,2,1,1,Suburban,1995,1,Fair,265000.0
1300,2,2,1,Suburban,2002,0,Fair,267000.0
1190,1,1,1,Suburban,1992,0,Good,253000.0
780,1,1,1,Urban,2015,1,Good,271500.0
4790,6,5,2,Downtown,1964,2,Good,1518000.0
1160,2,1,1,Suburban,1996,1,Excellent,373000.0
1720,3,1,2,Suburban,1993,2,Good,367000.0
1680,3,1,1,Suburban,2008,2,Excellent,477500.0
2180,2,2,1,Urban,2023,1,Good,726000.0
2740,4,3,3,Suburban,2000,2,Good,668500.0
2800,4,4,2,Rural,2024,3,Fair,502000.0
1460,2,1,2,Suburban,1987,0,Good,326500.0
1760,3,2,1,Downtown,1963,1,Excellent,958000.0
2160,3,1,2,Suburban,1977,1,Good,440500.0
1700,3,1,2,Suburban,1993,1,Good,373500.0
3920,6,5,2,Downtown,1988,1,Fair,1233000.0
2370,4,3,1,Urban,1970,1,Excellent,911000.0
2650,4,3,3,Urban,1996,2,Good,811500.0
2560,4,3,3,Suburban,1990,2,Good,602500.0
3220,4,4,3,Downtown,1973,2,Good,1269000.0
2060,3,3,2,Urban,1987,0,Good,606500.0
1060,2,1,1,Downtown,2019,1,Good,498000.0
2280,4,4,1,Urban,1987,1,Good,699000.0
1420,2,2,1,Urban,2011,1,Excellent,610500.0
1500,2,2,1,Suburban,2006,3,Excellent,473000.0
2470,3,2,2,Suburban,1995,1,Good,529000.0
3320,5,5,2,Urban,1983,0,Fair,788000.0
1920,3,3,2,Suburban,1992,1,Good,487000.0
2180,3,3,2,Suburban,2005,2,Fair,469000.0
4090,5,4,2,Suburban,1991,2,Fair,709000.0
2120,3,2,1,Urban,1981,1,Excellent,857000.0
5200,6,5,2,Rural,1972,1,Excellent,928000.0
2450,3,2,2,Urban,2019,1,Good,862000.0
860,1,1,1,Urban,1996,1,Excellent,377000.0
2670,3,3,2,Suburban,2007,3,Excellent,810000.0
2260,3,3,1,Suburban,1999,2,Good,513500.0
3400,5,5,2,Suburban,2019,2,Good,879000.0
2570,4,4,1,Suburban,2002,1,Good,588000.0
1790,3,2,1,Suburban,1999,1,Good,440000.0
1100,3,1,2,Rural,2021,2,Fair,198000.0
1730,2,1,1,Downtown,2012,1,Good,776000.0
1300,1,1,1,Rural,1972,3,Good,204500.0
1460,3,1,1,Urban,1978,1,Fair,324500.0
2480,4,4,3,Suburban,2015,0,Good,641000.0
4030,6,5,2,Urban,2017,2,Good,1421000.0
2270,3,2,2,Suburban,2002,0,Excellent,681000.0
1110,2,1,2,Urban,2003,1,Good,372500.0
2320,4,4,1,Urban,2007,1,Good,778500.0
3260,5,4,3,Urban,1996,2,Excellent,1523500.0
1440,3,2,2,Rural,2010,1,Excellent,330500.0
1790,3,2,1,Urban,1972,0,Good,494000.0
1910,2,1,1,Suburban,2023,2,Excellent,608000.0
1340,2,2,2,Rural,2013,1,Good,257500.0
2540,3,3,3,Suburban,2007,3,Good,681500.0
1800,3,2,1,Suburban,1988,1,Good,416500.0
2300,4,4,1,Suburban,1976,2,Good,535000.0
1270,2,1,1,Urban,1994,1,Good,369500.0
1560,2,1,2,Suburban,2009,2,Good,366000.0
2630,4,4,2,Suburban,2007,2,Good,697000.0
1610,2,1,2,Rural,1993,2,Fair,192000.0
4130,5,4,2,Urban,2006,0,Fair,1025500.0
1590,1,1,1,Suburban,2016,1,Good,390500.0
2100,2,1,1,Suburban,1963,2,Fair,344000.0
2890,4,3,2,Urban,1997,0,Good,811500.0
1000,2,1,1,Suburban,2013,1,Good,280500.0
860,1,1,3,Suburban,2002,3,Good,284500.0
960,1,1,2,Suburban,2008,1,Good,260500.0
3350,5,4,3,Urban,2001,3,Good,1026000.0
1480,1,1,1,Urban,2024,0,Excellent,580500.0
5200,6,5,3,Suburban,1966,2,Excellent,1327000.0
1470,2,1,1,Rural,1999,2,Excellent,338000.0
2070,3,3,1,Rural,1970,1,Good,325000.0
3800,6,5,1,Urban,1976,3,Fair,911500.0
4690,5,4,2,Downtown,1993,1,Good,1711000.0
4810,5,4,3,Suburban,1976,2,Excellent,1291000.0
3270,6,5,2,Rural,2023,2,Fair,532000.0
3010,5,4,1,Urban,2022,1,Good,1029500.0
2480,4,3,3,Urban,1990,2,Fair,640000.0
2700,4,3,3,Downtown,2007,1,Good,1301000.0
1480,2,1,2,Urban,2002,2,Good,522000.0
1320,3,2,2,Downtown,2016,1,Fair,552000.0
1900,4,2,1,Rural,2007,2,Excellent,455500.0
1760,3,2,2,Rural,1960,2,Good,278500.0
1550,2,1,1,Rural,2014,1,Good,260000.0
2600,5,3,2,Urban,2013,2,Good,832500.0
2920,3,2,2,Rural,2000,1,Good,443500.0
1980,3,3,1,Suburban,2020,1,Good,527000.0
3700,6,5,2,Suburban,2020,1,Good,880500.0
1140,2,1,1,Suburban,2001,0,Good,235000.0
1740,3,2,1,Downtown,2006,1,Good,784000.0
1380,1,1,1,Rural,2024,1,Good,251500.0
820,2,1,1,Suburban,1987,1,Good,177000.0
1830,3,3,1,Urban,1989,1,Good,563500.0
1800,3,2,1,Rural,1978,1,Excellent,411000.0
3760,6,5,1,Urban,2020,2,Fair,1012000.0
2520,4,3,3,Urban,2013,2,Fair,742500.0
1200,2,1,3,Downtown,1971,1,Good,460500.0
4380,6,5,2,Downtown,2024,2,Good,1966000.0
3290,5,4,2,Suburban,2012,2,Fair,657000.0
2470,4,3,2,Suburban,2018,2,Good,652500.0
1720,4,3,2,Rural,1965,1,Good,289500.0
1230,2,2,2,Suburban,2000,0,Excellent,446500.0
1610,3,3,1,Rural,2010,2,Fair,285500.0
3100,5,4,2,Suburban,2002,2,Good,771000.0
4440,6,4,2,Downtown,2009,1,Fair,1662500.0
3810,6,5,2,Suburban,2016,1,Good,1063500.0
1530,2,1,2,Suburban,1992,2,Good,337000.0
1150,3,3,2,Suburban,2018,2,Good,335500.0
2030,3,2,2,Suburban,1976,2,Excellent,633000.0
860,1,1,2,Downtown,1985,1,Fair,316000.0
2200,3,3,1,Suburban,1965,1,Good,482500.0
1780,3,3,2,Urban,1991,0,Fair,485500.0
1540,2,1,2,Suburban,1992,1,Good,343000.0
930,1,1,1,Rural,2016,0,Fair,163000.0
2390,4,4,3,Suburban,2008,2,Excellent,846500.0
1500,2,2,1,Urban,1996,1,Excellent,624500.0
1120,2,1,1,Rural,2008,2,Excellent,236500.0
650,1,1,2,Rural,1966,0,Fair,94000.0
1880,3,2,1,Rural,1978,1,Good,288000.0
4220,6,4,2,Urban,2007,1,Fair,1052000.0
4010,6,5,2,Urban,2008,1,Excellent,1556500.0
1550,2,1,1,Suburban,2014,2,Good,397000.0
1450,1,1,1,Suburban,1994,1,Good,352000.0
2350,4,4,1,Downtown,2012,1,Good,1122000.0
1210,3,2,1,Urban,2010,0,Fair,334000.0
2180,3,2,3,Urban,2023,0,Good,733000.0
2680,4,3,2,Urban,1981,2,Good,792500.0
3300,6,5,2,Urban,2003,1,Excellent,1344500.0
1820,3,2,2,Suburban,2005,2,Excellent,569500.0
1730,2,2,1,Downtown,2024,2,Good,936000.0
1280,3,3,1,Downtown,1980,1,Excellent,760500.0
1310,2,2,1,Rural,2001,1,Good,255000.0
1720,3,3,3,Rural,1990,2,Excellent,529500.0
2240,2,1,2,Downtown,2001,2,Good,907000.0
2870,4,4,3,Suburban,1982,1,Good,662500.0
1320,1,1,1,Downtown,1965,0,Good,432500.0
3720,6,5,2,Suburban,2004,0,Fair,735000.0
1680,3,2,1,Rural,1990,1,Good,264500.0
1880,3,3,2,Rural,1978,0,Fair,284000.0
1360,3,3,1,Rural,1989,1,Excellent,381000.0
650,1,1,2,Suburban,1965,1,Fair,116500.0
2830,5,4,2,Suburban,2022,1,Good,793000.0
2650,5,4,3,Urban,2004,0,Good,886000.0
1670,3,2,2,Downtown,2016,2,Fair,709000.0
1960,2,1,1,Suburban,1995,2,Good,399500.0
2400,4,3,2,Suburban,2020,3,Good,662500.0
940,2,1,2,Suburban,1999,1,Fair,214500.0
1500,2,1,1,Suburban,2004,2,Good,345000.0
2720,4,4,2,Suburban,1999,1,Good,628500.0
1080,2,1,2,Rural,2012,2,Fair,178000.0
2170,3,2,1,Rural,2004,1,Good,379000.0
1030,2,2,1,Rural,1985,0,Good,211000.0
2340,3,2,1,Rural,1975,3,Excellent,477000.0
1870,3,3,2,Urban,2006,1,Excellent,739000.0
920,1,1,2,Suburban,1999,3,Good,246500.0
3210,6,5,2,Downtown,1970,1,Good,1173500.0
1370,1,1,1,Downtown,1993,1,Good,573500.0
1320,3,2,1,Downtown,2001,1,Good,589500.0
2080,3,3,2,Downtown,2017,2,Good,966000.0
3190,5,4,2,Suburban,1968,1,Excellent,972500.0
1200,2,1,1,Suburban,1990,3,Good,289000.0
1950,3,2,1,Rural,2017,0,Fair,291000.0
2310,5,4,1,Urban,2008,2,Good,744000.0
2600,4,3,1,Downtown,1986,1,Fair,757000.0
2060,4,3,2,Downtown,2018,1,Good,900500.0
1610,1,1,2,Suburban,1999,1,Good,357000.0
1310,2,1,3,Urban,2000,1,Good,439500.0
1980,3,2,1,Rural,2023,1,Good,315500.0
1170,2,1,2,Rural,2022,1,Excellent,301500.0
650,1,1,2,Urban,1991,1,Fair,200500.0
2310,5,5,1,Suburban,1974,1,Excellent,831500.0
2850,3,2,2,Downtown,1989,1,Good,1059000.0
660,1,1,1,Rural,1963,1,Excellent,170500.0
1210,2,1,2,Downtown,1962,0,Good,422000.0
2510,4,2,1,Suburban,1993,3,Fair,503500.0
4800,6,5,2,Urban,2022,3,Excellent,1850500.0
1920,3,2,2,Urban,2019,1,Good,678500.0
1370,1,1,1,Downtown,2000,3,Fair,557500.0
1750,3,2,1,Suburban,2003,2,Fair,350500.0
3530,5,5,3,Downtown,1960,0,Good,1223500.0
1420,1,1,2,Rural,1981,0,Good,174500.0
1330,2,1,2,Rural,1963,2,Good,209500.0
1530,2,1,2,Suburban,2013,2,Good,419000.0
1240,2,1,1,Urban,1975,2,Good,342000.0
2010,3,2,2,Suburban,2019,2,Good,520500.0
3950,6,5,2,Urban,2008,1,Good,1291500.0
2200,3,3,2,Urban,1982,0,Good,651500.0
1700,3,2,1,Suburban,1976,1,Excellent,518500.0
1670,2,2,1,Downtown,2007,0,Fair,589000.0
940,1,1,1,Rural,2020,1,Good,176000.0
2830,4,4,2,Downtown,2011,1,Good,1273000.0
1840,3,3,2,Suburban,1990,0,Good,448500.0
1750,3,2,3,Suburban,2005,1,Fair,349500.0
5200,6,5,2,Suburban,1988,1,Fair,862000.0
2170,3,2,1,Rural,2024,1,Good,417500.0
1360,1,1,2,Suburban,2013,1,Excellent,403500.0
1570,2,1,2,Suburban,2006,1,Good,344500.0
3190,6,5,3,Suburban,1995,2,Good,781500.0
2000,2,1,2,Suburban,2006,3,Good,453000.0
1000,3,2,1,Suburban,1990,0,Good,231500.0
2870,4,3,2,Urban,1963,0,Fair,629000.0
1410,2,1,2,Suburban,1993,2,Good,315500.0
4420,6,5,1,Downtown,2021,1,Good,1809000.0
3090,5,4,2,Urban,2007,2,Fair,872500.0
1550,3,2,1,Urban,1969,1,Fair,340500.0
3380,5,4,3,Urban,2019,2,Good,1050500.0
1960,3,2,2,Suburban,1985,3,Excellent,653000.0
2790,4,4,2,Urban,1983,2,Excellent,1080500.0
2360,3,2,1,Rural,1987,0,Good,327000.0
1300,1,1,1,Downtown,2004,2,Fair,446500.0
1420,2,2,2,Urban,2002,2,Good,490000.0
3020,6,5,2,Suburban,1999,2,Fair,660000.0
1630,3,3,2,Urban,2011,0,Good,581500.0
1590,2,1,1,Rural,1988,2,Good,286500.0
1240,2,1,1,Suburban,2015,1,Good,326500.0
2300,4,4,1,Rural,1978,1,Excellent,522000.0
4810,6,5,2,Urban,2015,2,Good,1386000.0
1180,3,2,1,Urban,2009,1,Good,483500.0
1920,3,2,1,Urban,2010,2,Good,684500.0
3590,6,5,2,Rural,1999,2,Excellent,883000.0
1830,2,2,2,Suburban,2009,0,Fair,379000.0
2330,5,4,1,Urban,1969,2,Excellent,987500.0
1180,2,2,1,Rural,2018,3,Good,241000.0
2300,3,3,3,Urban,1966,1,Fair,548000.0
1750,3,1,2,Rural,1975,2,Excellent,353000.0
2960,5,4,3,Suburban,2004,1,Fair,592500.0
3240,5,5,2,Suburban,2013,1,Excellent,995500.0
5200,6,5,2,Urban,1968,1,Good,1357000.0
2470,4,4,1,Rural,2021,1,Excellent,597500.0
2200,2,2,1,Suburban,2023,0,Good,601000.0
2070,3,2,1,Suburban,2006,3,Good,463000.0
1620,2,1,1,Suburban,1999,2,Good,358000.0
2210,3,2,2,Suburban,2013,1,Fair,418000.0
1660,3,1,2,Suburban,1989,1,Excellent,463000.0
2050,3,2,1,Urban,1999,1,Fair,512000.0
3440,5,5,2,Suburban,2021,1,Good,913500.0
1210,2,1,2,Urban,2023,1,Good,436000.0
3170,5,3,2,Urban,2021,1,Good,1029500.0
3440,5,4,2,Rural,1984,1,Fair,392000.0
1800,4,4,3,Rural,1982,1,Fair,327500.0
730,1,1,1,Downtown,1987,1,Fair,265500.0
1450,3,2,2,Rural,1996,2,Excellent,359500.0
3410,5,3,2,Rural,1988,1,Fair,439500.0
1880,2,2,1,Rural,1992,0,Excellent,416500.0
1210,2,1,1,Urban,2006,1,Fair,325000.0
1510,2,1,3,Suburban,2014,3,Fair,335500.0
2770,4,3,1,Downtown,2012,2,Good,1169000.0
2430,3,2,2,Downtown,2016,2,Fair,963500.0
1710,4,4,1,Suburban,1963,3,Good,395500.0
1610,2,2,1,Suburban,1965,1,Excellent,456500.0
1590,2,2,1,Suburban,2015,3,Fair,375000.0
1260,1,1,1,Rural,2002,1,Good,231500.0
3930,5,5,1,Rural,2004,1,Good,702000.0
1640,2,1,2,Rural,1966,2,Fair,214000.0
3290,5,4,2,Rural,1984,1,Fair,425000.0
3770,6,5,3,Suburban,2007,2,Excellent,1029000.0
2980,5,4,2,Suburban,2018,1,Fair,701500.0
1570,1,1,1,Downtown,2021,2,Excellent,962500.0
2280,4,3,2,Suburban,2000,1,Good,539000.0
1880,3,2,1,Downtown,2002,0,Fair,685500.0
1270,2,1,1,Suburban,2017,2,Good,319000.0
2200,3,3,1,Suburban,2002,2,Excellent,723000.0
1120,2,1,1,Suburban,2001,3,Good,276000.0
3240,4,4,2,Suburban,2020,2,Good,924000.0
1540,1,1,1,Rural,2015,2,Excellent,340000.0
2080,4,4,2,Downtown,2020,1,Fair,941500.0
2160,3,1,2,Downtown,1981,1,Excellent,1094500.0
1690,2,1,2,Rural,2001,1,Excellent,335500.0
2480,3,2,1,Rural,2017,1,Good,395000.0
1540,1,1,1,Suburban,1972,2,Excellent,459500.0
2810,4,3,2,Suburban,2015,1,Good,733500.0
1040,2,1,2,Suburban,1978,3,Good,294500.0
2010,3,2,3,Rural,2016,1,Good,380000.0
4550,6,5,3,Suburban,2006,2,Good,1070000.0
1210,2,1,1,Suburban,1979,0,Good,241500.0
1400,2,1,2,Suburban,1998,1,Good,334000.0
2400,5,5,2,Rural,2010,3,Good,513500.0
2060,4,3,2,Suburban,2007,1,Good,535500.0
2230,2,1,2,Downtown,1995,1,Fair,748500.0
2370,4,3,3,Suburban,2020,1,Good,621500.0
2530,4,4,2,Downtown,2001,1,Excellent,1366000.0
3130,6,5,2,Urban,2000,1,Good,1004500.0
2290,4,3,3,Downtown,1967,2,Good,863000.0
1710,4,3,2,Urban,2021,1,Fair,569500.0
2570,4,3,2,Urban,1978,1,Good,749500.0
4470,6,5,2,Downtown,2001,1,Fair,1494500.0
1790,3,2,1,Rural,2016,2,Fair,254500.0
1230,3,3,1,Suburban,1981,2,Good,340500.0
3130,6,5,2,Downtown,2001,0,Good,1371500.0
1800,2,1,1,Urban,1983,1,Fair,413000.0
720,1,1,1,Downtown,2014,0,Good,368000.0
2780,4,4,3,Urban,2003,2,Excellent,1015500.0
1490,1,1,1,Downtown,2018,2,Fair,608500.0
1820,3,2,1,Urban,2020,2,Fair,562500.0
2210,3,2,1,Urban,2008,1,Good,725000.0
2070,3,2,2,Suburban,2012,1,Fair,433000.0
2620,4,4,2,Downtown,2003,1,Excellent,1454500.0
1560,2,1,2,Urban,1993,1,Good,492000.0
2390,3,1,1,Urban,2008,1,Good,690500.0
1690,3,2,2,Urban,2020,0,Good,589000.0
2650,4,4,1,Suburban,1995,2,Good,642500.0
2510,4,3,2,Rural,1988,1,Fair,325000.0
1250,1,1,1,Downtown,1993,2,Excellent,779500.0
3100,4,3,2,Suburban,1996,1,Good,677000.0
1490,2,1,1,Suburban,1968,2,Fair,224000.0
2730,4,3,1,Rural,2000,3,Good,456000.0
2240,3,3,1,Urban,1999,2,Fair,594000.0
4350,6,4,3,Urban,2005,2,Fair,1159500.0
1720,4,3,1,Urban,1991,2,Good,583000.0
1620,3,2,1,Urban,2006,2,Good,596000.0
1880,3,2,2,Suburban,2019,1,Good,469500.0
1660,3,2,2,Suburban,2023,2,Fair,402500.0
2720,3,2,2,Rural,2004,2,Good,507000.0
920,2,1,1,Urban,1965,3,Fair,250500.0
1180,1,1,3,Rural,2023,1,Good,251000.0
1180,2,2,1,Urban,2011,1,Good,443500.0
2920,4,3,2,Suburban,1990,2,Good,611000.0
4100,6,5,2,Suburban,1975,3,Excellent,1214500.0
1810,2,2,2,Downtown,1975,1,Excellent,994500.0
1760,3,2,1,Rural,1977,1,Excellent,375000.0
1960,2,1,2,Urban,1965,1,Excellent,678500.0
3210,5,3,2,Rural,2020,1,Good,589500.0
1250,1,1,2,Rural,2002,0,Excellent,236000.0
2120,2,2,1,Suburban,2011,1,Excellent,693000.0
2950,6,5,2,Rural,2017,2,Good,603500.0
2380,3,3,2,Urban,2015,0,Fair,628500.0
2070,3,1,1,Suburban,2019,1,Fair,390500.0
2980,5,5,3,Rural,2023,2,Excellent,755000.0
650,1,1,1,Rural,1996,3,Good,193000.0
2580,5,4,2,Urban,2022,3,Excellent,1129000.0
1420,2,1,1,Urban,2012,1,Good,459000.0
830,2,1,3,Suburban,1968,3,Good,202500.0
2390,3,2,3,Suburban,2010,0,Good,584000.0
3530,6,5,2,Urban,2010,2,Excellent,1391000.0
1790,2,2,2,Urban,2020,2,Fair,511500.0
2920,4,3,1,Suburban,1992,1,Excellent,891500.0
3930,6,5,3,Urban,2005,1,Good,1205000.0
3430,6,5,3,Urban,1961,1,Good,886500.0
3980,6,5,2,Urban,1989,2,Good,1129000.0
2650,4,3,3,Urban,1967,1,Fair,651000.0
1970,4,2,1,Downtown,2001,2,Fair,720500.0
920,1,1,1,Suburban,2016,1,Good,224000.0
1700,3,1,1,Downtown,1980,1,Fair,521500.0
1300,2,2,2,Suburban,2001,3,Fair,304500.0
5050,6,5,2,Urban,1980,2,Excellent,1714500.0
1760,3,3,3,Rural,1973,3,Good,355500.0
2010,3,2,1,Suburban,2000,1,Good,488000.0
2440,3,1,2,Urban,1969,1,Fair,561000.0
1940,3,2,2,Urban,2005,1,Excellent,786000.0
4080,5,5,3,Rural,1963,1,Excellent,710000.0
1440,2,1,1,Suburban,1971,1,Good,314500.0
2070,3,2,1,Rural,2003,2,Excellent,410000.0
1360,2,2,1,Downtown,2005,1,Excellent,724500.0
1050,2,1,1,Downtown,1963,1,Good,390000.0
1440,2,2,2,Rural,2004,1,Good,300000.0
1870,2,1,1,Downtown,2017,1,Fair,723000.0
1570,2,2,2,Downtown,2012,2,Good,789000.0
1390,1,1,1,Suburban,1974,1,Fair,232000.0
1010,2,1,1,Urban,2005,1,Fair,277500.0
1830,3,2,2,Suburban,2009,1,Fair,391500.0
970,1,1,2,Urban,1964,2,Excellent,411500.0
2680,4,3,1,Suburban,2018,3,Good,725000.0
1970,4,3,2,Suburban,2020,2,Excellent,702500.0
990,3,1,1,Suburban,2018,0,Good,257000.0
1650,3,3,2,Rural,2017,1,Good,306000.0
1350,1,1,1,Urban,2013,2,Good,466500.0
2190,2,2,2,Suburban,2007,3,Fair,454000.0
3470,5,5,2,Suburban,2009,3,Excellent,1083000.0
820,2,1,1,Downtown,2016,2,Excellent,498500.0
2000,2,1,3,Suburban,2009,0,Fair,357000.0
1770,3,3,2,Suburban,1989,3,Excellent,653000.0
2570,3,2,2,Downtown,1992,2,Good,1029500.0
2090,4,3,1,Downtown,2020,2,Fair,875000.0
1360,2,1,1,Rural,1962,1,Good,172500.0
1650,3,3,2,Suburban,2011,1,Good,494500.0
1330,2,1,2,Downtown,2023,1,Fair,552500.0
3080,5,5,2,Suburban,2011,1,Good,820500.0
1920,2,1,1,Suburban,2024,1,Fair,382000.0
4470,5,5,3,Suburban,2010,2,Good,1082500.0
1850,4,4,1,Rural,1964,0,Fair,269500.0
1380,3,2,1,Urban,2017,1,Excellent,611000.0
960,2,1,2,Urban,1986,1,Good,325000.0
840,1,1,3,Downtown,1997,1,Fair,355500.0
930,1,1,2,Urban,1988,3,Good,312500.0
2140,2,1,2,Suburban,1985,1,Fair,347500.0
2390,4,4,2,Rural,1996,1,Good,425500.0
930,1,1,2,Downtown,1992,2,Fair,335500.0
2840,4,4,2,Suburban,2007,2,Excellent,885000.0
1530,2,2,1,Suburban,2016,0,Excellent,494000.0
2030,2,1,3,Downtown,1987,2,Good,813500.0
3930,6,5,2,Suburban,1981,2,Fair,680500.0
2850,4,3,3,Suburban,2009,2,Good,751000.0
1680,3,3,1,Downtown,2009,1,Good,791500.0
1270,1,1,1,Downtown,2020,3,Good,652000.0
720,1,1,1,Rural,1962,0,Good,133000.0
1380,2,2,3,Downtown,2018,1,Good,673000.0
1730,3,2,1,Suburban,2001,1,Good,460000.0
1220,2,1,2,Suburban,2006,1,Excellent,358000.0
1790,3,3,1,Downtown,1970,3,Fair,687000.0
1970,3,3,1,Downtown,1996,1,Good,806500.0
1720,3,2,1,Suburban,1982,0,Good,382500.0
1420,2,1,2,Suburban,1984,1,Fair,247500.0
2050,3,2,2,Rural,2000,1,Good,364000.0
2320,4,4,2,Suburban,2016,3,Excellent,784000.0
1160,2,2,1,Rural,2013,2,Good,256000.0
3590,5,4,3,Suburban,2005,2,Fair,689000.0
1820,2,2,1,Rural,2002,2,Fair,286000.0
1920,4,3,1,Suburban,1995,2,Good,464500.0
2610,4,3,2,Rural,2023,2,Good,541000.0
2110,3,3,2,Urban,2003,1,Excellent,816500.0
2920,3,1,2,Suburban,1984,2,Good,538000.0
2160,3,2,1,Suburban,1982,2,Good,489000.0
1440,2,1,1,Downtown,2006,2,Excellent,761000.0
2240,2,2,1,Urban,2001,3,Good,728000.0
1140,2,2,1,Suburban,1961,2,Good,255000.0
2000,3,2,2,Rural,2017,2,Good,346500.0
1870,3,3,2,Urban,2011,3,Fair,584500.0
1730,2,1,1,Suburban,2009,1,Excellent,515000.0
1790,2,2,1,Urban,1968,1,Good,520000.0
810,1,1,2,Suburban,1991,2,Excellent,305500.0
1480,1,1,2,Suburban,2022,1,Good,396500.0
1980,4,3,2,Suburban,2018,2,Excellent,633500.0
2040,2,2,1,Urban,1986,2,Fair,509000.0
1200,2,1,1,Downtown,1976,2,Excellent,692500.0
3360,4,4,2,Rural,1997,3,Excellent,784000.0
1290,2,1,2,Suburban,1991,1,Good,290500.0
2940,6,5,2,Rural,2010,2,Good,546000.0
2300,3,1,2,Suburban,2023,1,Good,483000.0
1420,3,2,2,Downtown,1991,1,Excellent,885500.0
4230,6,5,2,Suburban,1967,1,Good,820500.0
1110,2,1,1,Downtown,2020,2,Good,574000.0
2870,4,4,2,Urban,1964,2,Excellent,1110000.0
2980,6,4,2,Downtown,2022,2,Good,1383500.0
1410,2,1,2,Urban,2009,1,Good,462000.0
3560,5,5,2,Rural,2022,1,Excellent,850500.0
1700,2,1,2,Suburban,1980,1,Fair,291000.0
2160,2,2,3,Suburban,1964,1,Good,453000.0
2140,4,2,1,Rural,1999,3,Fair,297500.0
1790,3,3,1,Suburban,1997,0,Good,440000.0
2740,4,3,2,Suburban,1989,3,Good,630500.0
2720,4,3,2,Downtown,2023,3,Good,1399000.0
870,1,1,2,Suburban,2017,3,Good,267000.0
3420,6,5,3,Urban,2009,1,Good,1237500.0
900,1,1,1,Downtown,1976,3,Good,379500.0
3020,5,4,2,Downtown,2012,1,Fair,1146000.0
3160,6,5,2,Suburban,2012,0,Good,821000.0
1160,1,1,1,Suburban,1995,1,Good,280000.0
1580,2,2,2,Suburban,2021,3,Good,430000.0
1160,2,2,1,Suburban,1977,0,Good,299500.0
1730,3,2,3,Suburban,1985,1,Excellent,562000.0
1650,3,3,2,Urban,1967,0,Good,453000.0
2700,5,4,1,Suburban,2015,1,Fair,591000.0
3430,5,5,1,Suburban,2007,0,Excellent,997000.0
3560,5,4,2,Downtown,1988,2,Excellent,2223500.0
1480,3,1,1,Rural,1977,2,Good,235000.0
1730,3,2,1,Suburban,1964,2,Excellent,507500.0
890,1,1,1,Urban,1977,2,Good,284000.0
1320,2,2,1,Rural,1997,3,Good,280000.0
2930,6,5,2,Urban,1983,1,Good,956000.0
3930,6,5,1,Suburban,1984,2,Good,710500.0
1090,2,1,1,Downtown,2019,2,Good,556000.0
1460,2,1,2,Suburban,2001,1,Fair,286000.0
1880,3,1,2,Suburban,2012,2,Fair,348000.0
2160,3,2,3,Suburban,1964,2,Good,461500.0
1320,2,1,2,Suburban,1991,2,Good,349500.0
2300,4,3,1,Suburban,1999,2,Good,577000.0
1540,2,1,1,Suburban,1978,1,Good,333500.0
1890,4,4,2,Suburban,1973,2,Excellent,717000.0
2430,4,3,3,Suburban,2019,1,Good,615000.0
1910,3,2,1,Suburban,2022,2,Good,451000.0
1560,2,1,1,Suburban,1969,2,Fair,273500.0
1810,3,1,1,Urban,1990,3,Good,542500.0
1830,3,3,1,Suburban,2023,0,Fair,391000.0
1610,1,1,1,Rural,1969,0,Good,209000.0
1690,3,2,1,Urban,2008,0,Good,565000.0
3900,6,5,3,Downtown,2023,1,Fair,1448500.0
2450,4,4,2,Suburban,2024,2,Good,668500.0
1660,3,2,1,Suburban,1998,2,Fair,337000.0
2600,4,2,2,Suburban,1976,2,Excellent,765000.0
1640,3,1,1,Suburban,1980,2,Good,304000.0
3220,4,4,2,Urban,2020,1,Fair,914500.0
2240,3,2,1,Rural,2021,0,Good,354500.0
1810,3,2,1,Urban,2006,0,Excellent,723000.0
2320,4,3,2,Rural,2014,2,Good,407000.0
940,1,1,1,Suburban,2013,2,Good,273500.0
1140,2,1,1,Urban,2009,2,Good,388500.0
1110,2,1,1,Suburban,2017,1,Good,273500.0
2030,3,2,2,Rural,2010,1,Excellent,441000.0
4140,6,5,2,Downtown,2002,3,Excellent,1992000.0
5190,6,5,3,Downtown,1982,0,Good,1810000.0
2530,5,5,3,Urban,2013,2,Good,912000.0
2380,4,2,1,Suburban,1998,1,Good,529000.0
850,1,1,1,Suburban,1987,0,Good,203000.0
1490,3,2,2,Downtown,2016,2,Excellent,841500.0
1330,2,2,1,Suburban,2010,1,Good,330000.0
1440,2,1,3,Downtown,2022,2,Good,712500.0
1760,3,3,2,Suburban,1977,2,Fair,356000.0
1540,2,2,2,Suburban,2008,1,Good,403500.0
780,1,1,1,Downtown,1983,2,Excellent,506500.0
2660,4,3,3,Suburban,2020,2,Good,704500.0
1170,1,1,1,Rural,1971,1,Fair,156500.0
2120,2,2,1,Suburban,2008,2,Fair,434500.0
4830,6,5,2,Suburban,2015,2,Good,989500.0
1260,2,2,2,Rural,1991,0,Excellent,289000.0
650,1,1,1,Suburban,2023,2,Excellent,285000.0
1670,3,2,1,Suburban,2018,1,Excellent,528500.0
3120,5,4,2,Urban,1987,2,Good,999000.0
4590,5,5,3,Suburban,1960,2,Good,826500.0
1090,2,2,2,Downtown,1987,1,Good,485000.0
2380,4,2,2,Suburban,1986,1,Good,512500.0
1540,2,2,1,Suburban,2020,1,Good,463500.0
1810,3,2,1,Rural,2023,1,Good,341000.0
5200,6,5,2,Urban,1968,2,Good,1237000.0
970,1,1,1,Downtown,1998,2,Fair,346500.0
2130,3,2,2,Urban,2003,1,Good,747000.0
2350,4,3,2,Suburban,1970,2,Excellent,707500.0
3100,4,4,2,Suburban,1992,3,Excellent,1060000.0
1990,4,4,1,Urban,1988,2,Good,700500.0
2180,2,2,2,Downtown,2002,2,Fair,779000.0
1590,2,1,1,Downtown,2009,2,Excellent,895000.0
2150,3,2,1,Suburban,2011,1,Good,500000.0
1630,3,3,2,Downtown,1974,1,Good,630500.0
2510,4,4,3,Rural,2016,2,Good,546500.0
1610,2,1,2,Suburban,2009,1,Good,377500.0
2250,4,3,1,Rural,2020,2,Good,447500.0
1880,3,2,2,Suburban,1997,2,Excellent,641500.0
3150,6,5,2,Urban,2020,2,Fair,984000.0
1860,2,2,1,Downtown,2019,1,Fair,659500.0
860,1,1,2,Urban,1996,1,Fair,237000.0
3350,5,3,2,Urban,1993,1,Good,971000.0
1260,1,1,1,Suburban,2022,1,Fair,254500.0
1420,2,1,1,Urban,2011,1,Fair,395000.0
1450,1,1,2,Suburban,2021,1,Fair,330000.0
3530,5,4,3,Urban,2015,0,Good,1213000.0
730,1,1,3,Urban,2006,1,Good,274000.0
5200,6,5,3,Urban,1972,1,Fair,1099500.0
3060,4,3,3,Suburban,1986,1,Good,685500.0
2100,3,2,1,Downtown,2023,1,Good,995000.0
1850,2,2,1,Suburban,1988,1,Fair,333000.0
2160,3,3,2,Suburban,1970,2,Good,522000.0
2400,4,4,1,Urban,2011,1,Excellent,1068500.0
2540,5,4,2,Suburban,2012,2,Excellent,873500.0
2440,4,4,2,Downtown,1986,3,Fair,948000.0
1980,3,2,1,Suburban,1987,1,Good,448000.0
1740,4,3,1,Suburban,1998,2,Good,429000.0
1780,3,2,1,Downtown,1962,1,Fair,532500.0
1740,4,3,2,Suburban,2015,1,Good,443500.0
3170,5,4,3,Suburban,1988,1,Good,737500.0
2480,4,4,2,Suburban,2018,0,Good,662000.0
650,1,1,1,Suburban,2016,1,Good,189500.0
2550,4,3,3,Urban,2009,1,Good,905500.0
2070,2,1,1,Rural,1989,2,Good,292000.0
1880,3,3,2,Downtown,2001,3,Good,881500.0
1600,2,1,3,Urban,1997,0,Good,481000.0
3150,5,5,2,Suburban,1990,1,Good,678000.0
2910,4,4,3,Urban,2018,1,Excellent,1230000.0
1340,1,1,1,Urban,1999,1,Good,363500.0
2280,4,3,3,Suburban,2017,2,Excellent,730000.0
1230,2,2,2,Suburban,1971,1,Good,303500.0
1020,3,3,2,Suburban,1975,0,Good,287000.0
1430,2,2,1,Urban,2024,2,Good,526000.0
2800,5,5,3,Urban,2005,2,Good,993000.0
2920,4,3,3,Suburban,2000,1,Good,649500.0
2390,4,4,1,Urban,2001,2,Excellent,996000.0
2630,3,3,2,Urban,1981,1,Good,885500.0
2400,4,3,2,Urban,2011,1,Good,887000.0
1420,2,2,1,Urban,1969,1,Good,412500.0
2310,4,3,1,Suburban,2004,1,Excellent,695500.0
2720,4,3,3,Downtown,2004,3,Good,1164500.0
2670,4,4,2,Urban,2021,1,Good,916500.0
3250,5,4,2,Urban,2001,1,Fair,874000.0
2610,4,4,2,Suburban,1974,1,Good,566500.0
2230,2,1,2,Suburban,2004,1,Fair,433000.0
3080,5,4,3,Suburban,1970,2,Fair,600000.0
1880,2,2,2,Suburban,1980,1,Good,420500.0
1280,1,1,1,Urban,1963,1,Good,342500.0
1770,3,2,2,Suburban,2001,1,Good,393500.0
1360,2,1,2,Urban,1969,1,Excellent,548500.0
1400,2,1,1,Urban,1998,0,Fair,327000.0
1780,3,2,2,Urban,2022,0,Good,597500.0
1330,2,2,1,Suburban,2012,1,Good,374000.0
1650,3,3,2,Downtown,1968,0,Fair,558000.0
810,2,1,3,Urban,1981,1,Good,262000.0
2090,4,3,1,Urban,2009,2,Good,711000.0
1900,3,1,2,Suburban,2020,2,Good,446500.0
1320,2,1,1,Suburban,1964,2,Excellent,351500.0
2560,4,3,2,Rural,2016,2,Good,462000.0
2900,3,2,1,Suburban,2003,1,Excellent,719000.0
920,1,1,1,Rural,2002,2,Good,189500.0
1350,2,1,1,Suburban,2023,1,Fair,292500.0
1340,3,2,2,Urban,2013,1,Good,498500.0
1250,1,1,1,Suburban,2018,1,Fair,246500.0
2760,4,3,2,Suburban,1991,0,Good,578000.0
1740,3,3,1,Downtown,2003,3,Good,842500.0
1690,3,2,2,Rural,2006,1,Good,309000.0
770,1,1,2,Urban,1989,1,Fair,218500.0
2530,5,4,2,Rural,2004,1,Good,468000.0
1090,2,1,1,Rural,1982,0,Fair,168500.0
1950,3,2,2,Suburban,1975,1,Good,424000.0
2150,3,3,2,Urban,1992,0,Good,735500.0
3510,5,4,2,Suburban,2013,1,Excellent,1101000.0
1050,2,1,1,Downtown,2021,2,Fair,481500.0
650,1,1,1,Suburban,1997,1,Good,156500.0
2060,2,2,3,Rural,2008,1,Good,377500.0
4270,6,5,2,Urban,1971,2,Excellent,1541000.0
3320,5,4,3,Rural,2020,3,Good,575500.0
2090,2,1,1,Urban,2004,1,Fair,569000.0
1520,2,1,2,Rural,2015,1,Good,257500.0
2730,4,3,3,Suburban,2015,3,Good,673000.0
1230,1,1,1,Urban,1984,1,Good,356000.0
2360,4,3,1,Downtown,2001,1,Excellent,1183000.0
2390,3,2,1,Suburban,2023,1,Fair,478500.0
3060,4,4,2,Urban,1970,3,Excellent,1229500.0
5200,5,4,1,Suburban,2010,3,Fair,1013500.0
2270,3,3,3,Urban,2023,2,Excellent,988000.0
1510,1,1,1,Urban,1987,1,Excellent,664000.0
1880,2,1,1,Suburban,2018,1,Good,460500.0
860,1,1,2,Suburban,2022,1,Good,254000.0
1390,2,2,1,Rural,2013,2,Fair,248500.0
1580,2,1,2,Suburban,1982,2,Fair,287500.0
1500,2,2,1,Suburban,1989,1,Fair,320500.0
2040,2,1,1,Urban,1964,2,Fair,456000.0
1310,2,1,2,Downtown,2017,1,Good,550500.0
3150,5,4,2,Rural,2018,1,Fair,494500.0
1900,3,3,1,Suburban,2007,2,Excellent,638500.0
1890,3,3,2,Suburban,1991,1,Good,460000.0
1640,3,2,2,Downtown,1968,1,Good,624000.0
2040,2,1,1,Suburban,2013,0,Good,440500.0
2760,4,3,3,Suburban,2012,2,Good,650000.0
1290,1,1,3,Suburban,2021,2,Good,324500.0
1410,2,1,1,Suburban,2012,3,Good,327500.0
1660,4,2,2,Rural,2017,2,Good,353000.0
1040,3,2,2,Suburban,2013,1,Good,262500.0
1310,3,1,2,Rural,2007,1,Good,212500.0
1530,2,2,1,Suburban,1995,3,Excellent,514500.0
2820,4,4,2,Suburban,2020,2,Fair,631000.0
2140,3,2,2,Suburban,2008,2,Good,475000.0
2070,3,2,1,Rural,1994,2,Good,346000.0
2790,4,4,1,Downtown,1969,2,Good,994000.0
1790,3,3,1,Downtown,1986,0,Excellent,1071500.0
2270,3,2,1,Suburban,2002,1,Good,503500.0
1810,3,3,3,Suburban,1985,2,Good,454500.0
2140,3,2,1,Urban,1981,2,Fair,526000.0
1460,3,2,3,Rural,2001,2,Excellent,359000.0
650,1,1,1,Suburban,1977,1,Good,161500.0
1790,3,2,2,Suburban,2015,1,Fair,378500.0
3610,6,5,2,Downtown,1999,2,Good,1538500.0
2880,4,3,1,Downtown,2004,2,Good,1275500.0
2930,5,4,2,Suburban,1975,2,Fair,521500.0
3320,5,4,3,Suburban,1989,1,Excellent,1060500.0
1980,3,2,2,Downtown,1994,3,Good,924500.0
2080,4,4,1,Downtown,2016,1,Good,1037000.0
1440,2,2,2,Downtown,2014,2,Good,743000.0
1650,3,3,3,Rural,1981,1,Excellent,436500.0
2510,3,3,2,Rural,2006,1,Fair,355000.0
3270,4,3,1,Urban,1983,2,Good,887000.0
1790,4,3,1,Suburban,2024,0,Good,502500.0
1550,2,1,1,Rural,2022,1,Fair,239500.0
1900,3,2,1,Rural,2003,1,Good,372000.0
2490,3,2,2,Downtown,2011,2,Fair,975500.0
990,2,1,2,Downtown,2016,1,Good,445500.0
680,2,1,1,Suburban,2012,1,Excellent,220500.0
1480,2,2,2,Downtown,2011,3,Fair,697000.0
1100,1,1,1,Suburban,2023,2,Excellent,360000.0
1510,2,1,1,Urban,2005,0,Good,457000.0
1780,3,1,2,Suburban,2007,1,Good,387000.0
1550,2,2,1,Rural,2018,3,Good,344500.0
3650,6,5,2,Suburban,2009,1,Fair,765500.0
2200,3,2,1,Suburban,2012,2,Excellent,629500.0
2180,4,4,2,Suburban,1982,1,Good,502000.0
2510,4,3,2,Rural,1992,2,Good,433500.0
1140,1,1,1,Downtown,1975,2,Good,464000.0
3030,5,3,2,Suburban,2000,2,Good,752000.0
1840,3,2,2,Suburban,1997,0,Excellent,610000.0
2570,5,4,2,Suburban,2024,2,Good,711500.0
1170,2,1,1,Suburban,2006,1,Excellent,335000.0
940,1,1,1,Suburban,2015,3,Good,264000.0
2750,4,3,2,Urban,1989,1,Fair,674000.0
2250,2,2,2,Suburban,2017,2,Excellent,688500.0
1270,2,1,2,Urban,2006,0,Good,401000.0
1290,2,1,1,Urban,2010,2,Good,419500.0
3150,5,4,2,Rural,1987,1,Excellent,732000.0
1110,2,1,2,Suburban,2003,1,Fair,225000.0
3980,5,4,2,Downtown,2007,0,Good,1517500.0
1270,2,2,2,Rural,2005,1,Good,249000.0
2530,4,3,2,Suburban,2021,1,Good,668000.0
1640,2,1,2,Downtown,2020,1,Excellent,909500.0
2490,5,4,2,Suburban,2023,2,Excellent,875000.0
1490,2,1,2,Suburban,2009,1,Good,374000.0
1770,2,2,1,Downtown,2023,2,Good,917000.0
1940,3,2,1,Suburban,2017,0,Excellent,590000.0
1210,2,2,2,Rural,1985,2,Good,216500.0
2650,4,3,1,Downtown,1995,1,Good,1075500.0
1510,2,1,1,Downtown,1983,3,Good,597000.0
1710,2,2,1,Suburban,1960,2,Excellent,538000.0
1220,1,1,1,Suburban,1979,1,Excellent,402000.0
650,1,1,2,Urban,1960,2,Good,229000.0
1740,3,3,2,Urban,2012,1,Excellent,801500.0
5200,6,5,2,Suburban,1995,1,Fair,903500.0
2710,3,2,3,Rural,1988,0,Good,409500.0
1880,3,1,1,Suburban,2014,1,Excellent,481500.0
1690,4,3,2,Downtown,2017,1,Fair,688500.0
1920,3,2,1,Downtown,2023,2,Fair,736500.0
2430,4,3,2,Downtown,2008,1,Good,1092000.0
1120,1,1,1,Downtown,1998,2,Good,504500.0
3140,6,5,3,Suburban,1987,1,Good,820500.0
2620,4,3,3,Suburban,1981,0,Good,599500.0
2630,5,4,2,Urban,1981,2,Excellent,1152500.0
2320,4,3,2,Urban,1994,2,Excellent,1025000.0
1920,3,2,1,Suburban,2024,2,Good,549500.0
2570,5,4,1,Rural,1960,2,Good,392500.0
2480,4,4,3,Downtown,1979,2,Good,1044500.0
1620,2,2,2,Suburban,1979,2,Good,375500.0
1470,2,1,2,Suburban,2011,1,Good,348500.0
1990,3,2,2,Urban,1991,1,Good,609000.0
3820,6,5,3,Urban,1997,0,Good,1027500.0
1090,2,2,2,Suburban,1975,1,Good,242000.0
980,2,1,1,Urban,1994,1,Good,321000.0
2050,3,3,2,Suburban,1971,3,Good,507000.0
1940,2,2,1,Suburban,2002,1,Good,466500.0
2050,3,1,1,Suburban,1971,2,Good,378000.0
2120,3,3,1,Urban,2015,2,Good,697000.0
1720,3,2,2,Downtown,2004,1,Good,790000.0
3720,6,5,2,Urban,2012,0,Fair,967500.0
920,1,1,1,Downtown,1995,1,Good,416000.0
1310,2,1,1,Rural,1993,2,Good,223000.0
1810,4,4,3,Rural,1971,3,Good,366000.0
910,1,1,1,Suburban,2001,1,Good,229000.0
1760,3,3,1,Suburban,2001,2,Good,473000.0
4010,6,5,2,Urban,1998,1,Excellent,1646000.0
1920,4,4,3,Urban,2013,2,Good,718500.0
2110,2,2,3,Downtown,2017,2,Good,941500.0
1080,3,3,2,Suburban,2013,0,Excellent,364500.0
1440,2,2,2,Suburban,1975,0,Good,318000.0
1610,2,1,1,Suburban,2007,0,Good,388500.0
1650,3,2,3,Suburban,1969,1,Fair,316000.0
3380,5,5,2,Suburban,2010,2,Good,870500.0
2440,4,3,1,Suburban,1993,1,Good,542000.0
1150,2,2,1,Suburban,1974,2,Good,297500.0
2120,3,2,2,Suburban,2018,1,Good,530000.0
2380,4,2,2,Rural,2006,2,Excellent,549000.0
3180,4,3,2,Suburban,1991,2,Good,667000.0
3870,6,5,2,Suburban,1963,2,Good,727500.0
1200,2,1,1,Rural,2002,1,Good,186500.0
1320,1,1,1,Suburban,2021,1,Good,305000.0
1080,2,1,1,Suburban,2005,2,Excellent,316500.0
1710,3,2,2,Suburban,2023,1,Good,461500.0
2340,3,2,2,Rural,1974,1,Fair,271000.0
2960,5,4,3,Suburban,2004,1,Good,591500.0
1840,4,3,2,Urban,2015,2,Good,720000.0
1650,2,1,1,Urban,2001,2,Good,474500.0
2040,3,2,2,Urban,1970,2,Excellent,838000.0
1310,2,1,3,Suburban,2004,1,Fair,272500.0
4870,6,5,3,Suburban,2006,0,Good,1178000.0
920,1,1,2,Urban,2012,2,Good,368000.0
2070,3,1,2,Suburban,2014,1,Excellent,566500.0
4720,6,5,2,Urban,2014,1,Excellent,1686000.0
1910,2,2,3,Suburban,2009,2,Good,530500.0
1740,3,3,1,Suburban,1981,1,Good,381500.0
1620,2,1,1,Urban,1994,1,Fair,407500.0
1750,2,2,1,Rural,2014,1,Good,315500.0
3530,5,5,1,Suburban,2022,1,Good,891500.0
700,2,1,2,Suburban,1969,1,Good,175500.0
3790,6,5,1,Suburban,2002,2,Good,893500.0
1000,2,1,2,Suburban,1988,1,Good,247000.0
1690,4,4,1,Suburban,1982,1,Good,439500.0
1570,2,2,1,Urban,2000,2,Good,541500.0
2480,4,3,2,Urban,2006,3,Fair,717000.0
930,1,1,1,Suburban,1961,0,Fair,144000.0
2340,5,5,3,Downtown,2015,2,Fair,989000.0
4730,6,5,3,Suburban,2016,2,Excellent,1294500.0
1030,2,1,1,Suburban,2023,1,Fair,215500.0
2070,3,3,2,Urban,1978,1,Excellent,856000.0
1410,3,3,2,Urban,2005,1,Good,518500.0
2300,4,4,1,Urban,1995,2,Good,774000.0
1920,2,1,2,Suburban,1989,1,Excellent,591000.0
1420,3,2,1,Suburban,2003,1,Good,350500.0
2370,4,3,1,Downtown,2015,2,Fair,935000.0
4280,5,4,2,Suburban,1962,1,Good,774000.0
1740,3,2,1,Urban,2023,2,Excellent,744500.0
2630,4,3,2,Suburban,2016,2,Good,679000.0
1060,3,2,1,Urban,2013,1,Good,418000.0
1240,2,2,1,Suburban,2014,3,Good,363500.0
2350,4,3,2,Suburban,1993,0,Good,552500.0
3710,6,5,2,Rural,2013,0,Good,625000.0
2230,2,1,2,Urban,1993,1,Good,709500.0
1650,4,3,1,Urban,2020,2,Good,610500.0
1900,3,3,1,Rural,1978,2,Good,296500.0
1080,2,1,1,Urban,1987,1,Good,345500.0
2490,4,3,3,Suburban,2003,1,Excellent,744500.0
2830,5,4,2,Rural,1988,1,Excellent,655000.0
1550,2,2,2,Suburban,1995,2,Fair,317500.0
1540,1,1,2,Suburban,1999,2,Good,397000.0
2140,2,1,2,Suburban,2018,2,Excellent,636500.0
1560,2,1,1,Suburban,2001,2,Fair,312000.0
1850,3,2,1,Urban,1991,2,Fair,492000.0
4890,6,5,3,Urban,1983,1,Excellent,1835500.0
1700,3,2,1,Urban,1994,1,Good,571500.0
1620,1,1,1,Rural,2001,2,Good,257500.0
1420,2,1,1,Downtown,2013,1,Good,580000.0
2660,5,5,1,Urban,1973,0,Excellent,1147500.0
1750,3,3,1,Rural,1981,3,Good,331500.0
1420,3,1,2,Urban,1992,2,Excellent,622000.0
3440,5,4,2,Suburban,1991,1,Good,781000.0
3600,5,4,2,Suburban,1993,2,Good,785000.0
1450,3,2,1,Suburban,2015,3,Good,403500.0
820,1,1,2,Suburban,1989,0,Good,197000.0
2990,5,4,2,Downtown,2000,1,Good,1241000.0
1400,3,2,1,Suburban,2007,1,Good,384000.0
2710,3,3,2,Rural,1982,1,Excellent,547000.0
780,1,1,1,Downtown,2011,2,Good,452000.0
2840,4,3,2,Downtown,2002,1,Good,1257500.0
1100,2,2,2,Urban,1997,0,Good,339500.0
2640,3,2,2,Suburban,2016,0,Good,617500.0
1910,2,2,1,Rural,1983,0,Good,285500.0
1240,1,1,1,Urban,2019,1,Good,433000.0
1580,2,1,1,Rural,2003,2,Excellent,297500.0
2590,3,2,2,Rural,2006,1,Good,421000.0
1990,3,2,2,Suburban,2019,2,Good,515500.0
2470,4,3,2,Rural,2016,2,Good,448000.0
4630,6,5,2,Rural,2005,1,Good,693500.0
940,1,1,2,Suburban,2013,2,Good,280000.0
3940,6,4,3,Rural,1996,2,Fair,484500.0
1990,2,1,1,Rural,2002,1,Excellent,373500.0
1270,2,1,1,Rural,1967,1,Fair,165000.0
1040,3,2,2,Suburban,1970,2,Good,258500.0
1750,3,3,1,Urban,2017,3,Fair,566500.0
2880,4,4,2,Urban,1967,1,Good,853000.0
1790,3,2,2,Suburban,1977,1,Fair,316000.0
3750,6,5,2,Suburban,2015,1,Good,896500.0
990,3,2,1,Rural,1960,0,Good,155500.0
1890,4,3,2,Rural,1986,1,Fair,303000.0
1080,2,2,1,Suburban,2004,1,Good,320000.0
2240,3,2,3,Suburban,2005,1,Excellent,608500.0
2830,5,5,2,Urban,2014,1,Good,1062500.0
1570,3,2,1,Urban,2000,0,Excellent,713500.0
650,1,1,2,Suburban,2000,1,Excellent,285000.0
2080,3,1,1,Rural,2012,0,Excellent,385000.0
2310,4,4,1,Urban,2000,0,Excellent,1044500.0
2280,5,3,3,Suburban,2006,2,Good,639000.0
3310,4,3,1,Urban,2020,2,Excellent,1379000.0
1170,2,1,2,Suburban,1994,1,Excellent,428000.0
2580,4,3,1,Urban,1993,1,Excellent,1149000.0
3250,5,3,2,Downtown,1960,1,Fair,940500.0
850,1,1,2,Downtown,2006,1,Excellent,462000.0
2190,4,3,1,Suburban,1963,1,Good,436500.0
1510,1,1,1,Suburban,2000,1,Good,315000.0
1830,3,3,2,Suburban,2016,2,Fair,428500.0
2220,2,2,1,Downtown,2003,1,Good,980500.0
1530,1,1,1,Suburban,1985,0,Excellent,438000.0
1400,2,1,2,Rural,2015,2,Good,275000.0
1930,3,2,1,Suburban,1985,2,Good,439000.0
1170,2,1,1,Rural,2012,1,Excellent,244500.0
1170,2,2,2,Suburban,2006,1,Fair,274500.0
2580,3,3,2,Suburban,1977,1,Good,570000.0
1130,2,1,1,Suburban,2020,1,Good,293000.0
2570,5,5,1,Rural,1980,1,Good,459000.0
2340,5,4,2,Downtown,2024,1,Good,1100000.0
870,1,1,2,Urban,1960,1,Fair,203500.0
1400,2,2,2,Urban,1984,2,Fair,431500.0
3250,6,5,2,Suburban,1980,2,Good,785000.0
1220,1,1,1,Urban,1961,1,Excellent,423000.0
1540,2,1,1,Suburban,2012,1,Good,318500.0
2340,5,5,1,Suburban,2010,1,Good,656500.0
2700,3,2,3,Rural,2015,1,Fair,403000.0
1700,2,2,1,Suburban,1984,1,Excellent,517500.0
1450,3,2,1,Rural,1996,2,Excellent,390000.0
3600,6,5,3,Downtown,2008,2,Good,1579000.0
4160,5,5,3,Rural,1996,2,Good,668000.0
2950,5,4,2,Suburban,2010,2,Good,787000.0
1980,3,3,2,Suburban,2007,3,Good,521500.0
1320,2,1,2,Suburban,1972,2,Good,278000.0
1310,2,2,1,Suburban,2015,3,Good,389000.0
2400,5,4,1,Rural,2012,1,Good,465000.0
2290,4,4,1,Urban,2008,0,Excellent,1042500.0
3570,5,4,1,Suburban,1976,2,Fair,635500.0
2550,4,4,3,Suburban,1985,3,Excellent,902000.0
970,1,1,1,Urban,1993,1,Good,310500.0
3050,4,4,2,Downtown,1986,1,Good,1278500.0
1210,3,2,2,Urban,1982,1,Good,385500.0
1600,3,2,2,Urban,2016,2,Good,590500.0
2130,3,3,2,Suburban,2007,1,Good,520500.0
4670,6,5,2,Suburban,2003,2,Good,1083500.0
5200,6,5,2,Urban,1982,3,Fair,1172500.0
2500,4,3,2,Downtown,2021,2,Good,1311500.0
1750,3,2,2,Rural,1979,1,Good,323500.0
2420,4,3,3,Suburban,2015,1,Fair,551000.0
2830,5,4,1,Urban,2023,1,Excellent,1224500.0
1650,3,3,2,Suburban,2012,1,Good,440000.0
4260,6,5,2,Suburban,2024,0,Good,1080000.0
2110,3,3,2,Suburban,2008,2,Fair,471000.0
2380,3,2,1,Urban,1981,1,Good,688000.0
2560,4,3,2,Downtown,1980,2,Good,1112000.0
2300,4,3,2,Suburban,1989,3,Good,529500.0
2770,4,4,2,Suburban,1960,0,Good,534500.0
1440,2,2,1,Rural,2010,3,Fair,241500.0
1480,2,2,2,Rural,1985,2,Good,281500.0
1160,2,2,1,Suburban,2016,1,Good,337500.0
2320,4,4,1,Suburban,1991,1,Good,542500.0
2700,4,3,2,Suburban,1999,1,Fair,554500.0
2340,4,3,1,Urban,2023,1,Excellent,940000.0
4040,6,5,2,Urban,1983,2,Fair,917500.0
1900,3,2,2,Suburban,2012,0,Excellent,567000.0
2570,4,4,2,Suburban,2013,2,Good,672000.0
1160,2,1,2,Downtown,1981,1,Good,488000.0
1600,1,1,2,Suburban,2000,0,Good,362000.0
2600,4,2,2,Urban,1990,1,Excellent,1172000.0
2790,4,3,2,Suburban,2014,2,Good,694500.0
1670,3,3,1,Urban,2007,1,Good,585000.0
1840,4,2,2,Urban,1998,0,Good,619000.0
960,1,1,2,Urban,2014,2,Excellent,442000.0
1620,3,2,2,Downtown,1982,2,Good,731500.0
2840,3,2,2,Downtown,2013,0,Good,1231000.0
2460,4,4,2,Suburban,2019,1,Fair,498500.0
2380,5,4,1,Suburban,2019,1,Good,690000.0
1940,3,2,1,Suburban,2015,0,Good,495000.0
1910,3,2,1,Urban,1994,2,Good,633500.0
1410,2,2,1,Urban,2024,2,Good,483500.0
2600,3,1,2,Rural,1992,2,Fair,299500.0
2300,4,4,1,Rural,2007,1,Good,431500.0
2370,4,4,2,Urban,1976,2,Good,701000.0
1500,3,3,2,Suburban,2024,1,Good,494500.0
720,1,1,1,Suburban,2011,3,Fair,183500.0
3110,6,5,2,Urban,2013,0,Fair,887500.0
1530,3,1,1,Suburban,1967,1,Fair,256000.0
1290,2,2,1,Rural,2014,2,Excellent,337500.0
2600,4,4,2,Suburban,2014,1,Good,571000.0
1590,3,3,1,Suburban,2009,2,Fair,362000.0
3060,6,5,3,Suburban,1986,2,Good,685000.0
2510,4,3,2,Suburban,1999,0,Good,603000.0
2590,4,4,1,Suburban,1972,2,Good,566000.0
1030,2,2,2,Suburban,1998,1,Good,288500.0
3280,5,5,3,Rural,1983,1,Good,490500.0
2140,3,3,1,Rural,1990,3,Good,375500.0
1610,2,2,1,Downtown,1976,2,Fair,578000.0
2030,2,1,1,Suburban,1982,1,Good,434500.0
850,1,1,2,Downtown,1968,1,Excellent,497000.0
2280,4,3,2,Urban,2021,1,Excellent,916000.0
1200,2,2,1,Suburban,2002,2,Fair,296500.0
1030,2,1,1,Urban,1994,3,Good,374500.0
960,1,1,1,Suburban,2002,1,Good,236500.0
3140,5,4,1,Urban,2007,2,Excellent,1127500.0
1430,1,1,2,Suburban,2021,1,Good,381500.0
3790,6,5,2,Urban,1978,1,Good,1021500.0
1490,3,2,2,Rural,1987,3,Fair,239500.0
880,1,1,1,Urban,2023,1,Good,327000.0
1150,2,1,1,Rural,1992,1,Good,215000.0
3310,5,4,2,Downtown,1962,2,Good,1167000.0
1770,4,2,1,Suburban,1975,1,Excellent,544000.0
1490,2,2,2,Urban,1963,1,Good,456500.0
2040,3,2,2,Suburban,2024,3,Good,530500.0
2380,4,4,2,Suburban,1986,2,Fair,510500.0
3140,5,5,2,Urban,2021,2,Good,1125500.0
3650,5,4,2,Downtown,2024,1,Good,1536000.0
1620,2,2,1,Rural,2005,1,Fair,244000.0
1050,1,1,1,Downtown,1964,3,Excellent,632000.0
1580,2,2,2,Urban,1969,1,Fair,409500.0
2140,3,2,1,Urban,1999,1,Good,711500.0
1230,2,1,2,Suburban,1994,1,Excellent,392500.0
1240,2,1,2,Suburban,2006,1,Excellent,352500.0
2220,2,1,1,Downtown,1996,1,Good,861000.0
1860,3,2,2,Suburban,2022,2,Fair,392500.0
1930,3,2,1,Suburban,2002,3,Excellent,571500.0
1350,2,1,2,Rural,2010,1,Good,230000.0
1710,2,2,2,Rural,2020,2,Excellent,429000.0
1250,3,2,3,Urban,1975,2,Good,364500.0
2840,3,2,2,Urban,1982,2,Good,777500.0
3030,4,3,3,Suburban,1971,0,Fair,495500.0
830,1,1,1,Rural,1974,1,Good,160000.0
1250,2,1,1,Suburban,2001,0,Excellent,325000.0
970,1,1,2,Suburban,1989,0,Excellent,319000.0
1420,1,1,2,Suburban,1995,1,Fair,270500.0
1830,3,3,1,Downtown,2024,1,Excellent,1150500.0
990,2,1,1,Urban,1976,1,Fair,256500.0
1260,2,1,1,Rural,2002,0,Good,202000.0
1210,2,2,1,Downtown,1971,1,Good,469500.0
2090,3,2,1,Suburban,1988,1,Fair,347500.0
1960,3,2,1,Urban,2001,2,Fair,540500.0
